game_id,season,game_type,date,away,home,state
2025020001,20252026,2,2025-10-07,CHI,FLA,OFF
2025020002,20252026,2,2025-10-07,PIT,NYR,OFF
2025020003,20252026,2,2025-10-07,COL,LAK,OFF
2025020004,20252026,2,2025-10-08,MTL,TOR,OFF
2025020005,20252026,2,2025-10-08,BOS,WSH,OFF
2025020006,20252026,2,2025-10-08,CGY,EDM,OFF
2025020007,20252026,2,2025-10-08,LAK,VGK,OFF
2025020008,20252026,2,2025-10-09,CHI,BOS,OFF
2025020009,20252026,2,2025-10-09,NYR,BUF,OFF
2025020010,20252026,2,2025-10-09,MTL,DET,OFF
2025020011,20252026,2,2025-10-09,OTT,TBL,OFF
2025020012,20252026,2,2025-10-09,PHI,FLA,OFF
2025020013,20252026,2,2025-10-09,NYI,PIT,OFF
2025020014,20252026,2,2025-10-09,NJD,CAR,OFF
2025020015,20252026,2,2025-10-09,MIN,STL,OFF
2025020016,20252026,2,2025-10-09,CBJ,NSH,OFF
2025020017,20252026,2,2025-10-09,DAL,WPG,OFF
2025020018,20252026,2,2025-10-09,UTA,COL,OFF
2025020019,20252026,2,2025-10-09,CGY,VAN,OFF
2025020020,20252026,2,2025-10-09,VGK,SJS,OFF
2025020021,20252026,2,2025-10-09,ANA,SEA,OFF
2025020022,20252026,2,2025-10-11,LAK,WPG,OFF
2025020023,20252026,2,2025-10-11,STL,CGY,OFF
2025020024,20252026,2,2025-10-11,BUF,BOS,OFF
2025020025,20252026,2,2025-10-11,TOR,DET,OFF
2025020026,20252026,2,2025-10-11,NJD,TBL,OFF
2025020027,20252026,2,2025-10-11,OTT,FLA,OFF
2025020028,20252026,2,2025-10-11,WSH,NYI,OFF
2025020029,20252026,2,2025-10-11,NYR,PIT,OFF
2025020030,20252026,2,2025-10-11,PHI,CAR,OFF
2025020031,20252026,2,2025-10-11,MTL,CHI,OFF
2025020032,20252026,2,2025-10-11,UTA,NSH,OFF
2025020033,20252026,2,2025-10-11,CBJ,MIN,OFF
2025020034,20252026,2,2025-10-11,DAL,COL,OFF
2025020035,20252026,2,2025-10-11,VAN,EDM,OFF
2025020036,20252026,2,2025-10-11,ANA,SJS,OFF
2025020037,20252026,2,2025-10-11,VGK,SEA,OFF
2025020038,20252026,2,2025-10-12,WSH,NYR,OFF
2025020039,20252026,2,2025-10-13,COL,BUF,OFF
2025020040,20252026,2,2025-10-13,TBL,BOS,OFF
2025020041,20252026,2,2025-10-13,NSH,OTT,OFF
2025020042,20252026,2,2025-10-13,WPG,NYI,OFF
2025020043,20252026,2,2025-10-13,DET,TOR,OFF
2025020044,20252026,2,2025-10-13,FLA,PHI,OFF
2025020045,20252026,2,2025-10-13,NJD,CBJ,OFF
2025020046,20252026,2,2025-10-13,STL,VAN,OFF
2025020047,20252026,2,2025-10-13,LAK,MIN,OFF
2025020048,20252026,2,2025-10-13,UTA,CHI,OFF
2025020049,20252026,2,2025-10-14,NSH,TOR,OFF
2025020050,20252026,2,2025-10-14,SEA,MTL,OFF
2025020051,20252026,2,2025-10-14,EDM,NYR,OFF
2025020052,20252026,2,2025-10-14,TBL,WSH,OFF
2025020053,20252026,2,2025-10-14,VGK,CGY,OFF
2025020054,20252026,2,2025-10-14,MIN,DAL,OFF
2025020055,20252026,2,2025-10-14,CAR,SJS,OFF
2025020056,20252026,2,2025-10-14,PIT,ANA,OFF
2025020057,20252026,2,2025-10-15,OTT,BUF,OFF
2025020058,20252026,2,2025-10-15,FLA,DET,OFF
2025020059,20252026,2,2025-10-15,CHI,STL,OFF
2025020060,20252026,2,2025-10-15,CGY,UTA,OFF
2025020061,20252026,2,2025-10-16,NYR,TOR,OFF
2025020062,20252026,2,2025-10-16,NSH,MTL,OFF
2025020063,20252026,2,2025-10-16,SEA,OTT,OFF
2025020064,20252026,2,2025-10-16,FLA,NJD,OFF
2025020065,20252026,2,2025-10-16,EDM,NYI,OFF
2025020066,20252026,2,2025-10-16,WPG,PHI,OFF
2025020067,20252026,2,2025-10-16,COL,CBJ,OFF
2025020068,20252026,2,2025-10-16,VAN,DAL,OFF
2025020069,20252026,2,2025-10-16,BOS,VGK,OFF
2025020070,20252026,2,2025-10-16,CAR,ANA,OFF
2025020071,20252026,2,2025-10-16,PIT,LAK,OFF
2025020072,20252026,2,2025-10-17,TBL,DET,OFF
2025020073,20252026,2,2025-10-17,MIN,WSH,OFF
2025020074,20252026,2,2025-10-17,VAN,CHI,OFF
2025020075,20252026,2,2025-10-17,SJS,UTA,OFF
2025020076,20252026,2,2025-10-18,FLA,BUF,OFF
2025020077,20252026,2,2025-10-18,NYI,OTT,OFF
2025020078,20252026,2,2025-10-18,EDM,NJD,OFF
2025020079,20252026,2,2025-10-18,SEA,TOR,OFF
2025020080,20252026,2,2025-10-18,NYR,MTL,OFF
2025020081,20252026,2,2025-10-18,MIN,PHI,OFF
2025020082,20252026,2,2025-10-18,TBL,CBJ,OFF
2025020083,20252026,2,2025-10-18,DAL,STL,OFF
2025020084,20252026,2,2025-10-18,NSH,WPG,OFF
2025020085,20252026,2,2025-10-18,BOS,COL,OFF
2025020086,20252026,2,2025-10-18,CAR,LAK,OFF
2025020087,20252026,2,2025-10-18,CGY,VGK,OFF
2025020088,20252026,2,2025-10-18,PIT,SJS,OFF
2025020089,20252026,2,2025-10-19,VAN,WSH,OFF
2025020090,20252026,2,2025-10-19,EDM,DET,OFF
2025020091,20252026,2,2025-10-19,ANA,CHI,OFF
2025020092,20252026,2,2025-10-19,BOS,UTA,OFF
2025020093,20252026,2,2025-10-20,MIN,NYR,OFF
2025020094,20252026,2,2025-10-20,SEA,PHI,OFF
2025020095,20252026,2,2025-10-20,BUF,MTL,OFF
2025020096,20252026,2,2025-10-20,WPG,CGY,OFF
2025020097,20252026,2,2025-10-20,CAR,VGK,OFF
2025020098,20252026,2,2025-10-21,NJD,TOR,OFF
2025020099,20252026,2,2025-10-21,EDM,OTT,OFF
2025020100,20252026,2,2025-10-21,SJS,NYI,OFF
2025020101,20252026,2,2025-10-21,VAN,PIT,OFF
2025020102,20252026,2,2025-10-21,SEA,WSH,OFF
2025020103,20252026,2,2025-10-21,FLA,BOS,OFF
2025020104,20252026,2,2025-10-21,LAK,STL,OFF
2025020105,20252026,2,2025-10-21,ANA,NSH,OFF
2025020106,20252026,2,2025-10-21,CBJ,DAL,OFF
2025020107,20252026,2,2025-10-21,COL,UTA,OFF
2025020108,20252026,2,2025-10-22,MIN,NJD,OFF
2025020109,20252026,2,2025-10-22,DET,BUF,OFF
2025020110,20252026,2,2025-10-22,MTL,CGY,OFF
2025020111,20252026,2,2025-10-23,ANA,BOS,OFF
2025020112,20252026,2,2025-10-23,PHI,OTT,OFF
2025020113,20252026,2,2025-10-23,CHI,TBL,OFF
2025020114,20252026,2,2025-10-23,PIT,FLA,OFF
2025020115,20252026,2,2025-10-23,DET,NYI,OFF
2025020116,20252026,2,2025-10-23,SJS,NYR,OFF
2025020117,20252026,2,2025-10-23,UTA,STL,OFF
2025020118,20252026,2,2025-10-23,VAN,NSH,OFF
2025020119,20252026,2,2025-10-23,LAK,DAL,OFF
2025020120,20252026,2,2025-10-23,SEA,WPG,OFF
2025020121,20252026,2,2025-10-23,CAR,COL,OFF
2025020122,20252026,2,2025-10-23,MTL,EDM,OFF
2025020123,20252026,2,2025-10-24,TOR,BUF,OFF
2025020124,20252026,2,2025-10-24,SJS,NJD,OFF
2025020125,20252026,2,2025-10-24,WSH,CBJ,OFF
2025020126,20252026,2,2025-10-24,CGY,WPG,OFF
2025020127,20252026,2,2025-10-25,NYI,PHI,OFF
2025020128,20252026,2,2025-10-25,COL,BOS,OFF
2025020129,20252026,2,2025-10-25,ANA,TBL,OFF
2025020130,20252026,2,2025-10-25,VGK,FLA,OFF
2025020131,20252026,2,2025-10-25,UTA,MIN,OFF
2025020132,20252026,2,2025-10-25,BUF,TOR,OFF
2025020133,20252026,2,2025-10-25,STL,DET,OFF
2025020134,20252026,2,2025-10-25,CBJ,PIT,OFF
2025020135,20252026,2,2025-10-25,OTT,WSH,OFF
2025020136,20252026,2,2025-10-25,MTL,VAN,OFF
2025020137,20252026,2,2025-10-25,LAK,NSH,OFF
2025020138,20252026,2,2025-10-25,CAR,DAL,OFF
2025020139,20252026,2,2025-10-25,EDM,SEA,OFF
2025020140,20252026,2,2025-10-26,COL,NJD,OFF
2025020141,20252026,2,2025-10-26,VGK,TBL,OFF
2025020142,20252026,2,2025-10-26,SJS,MIN,OFF
2025020143,20252026,2,2025-10-26,UTA,WPG,OFF
2025020144,20252026,2,2025-10-26,LAK,CHI,OFF
2025020145,20252026,2,2025-10-26,DAL,NSH,OFF
2025020146,20252026,2,2025-10-26,NYR,CGY,OFF
2025020147,20252026,2,2025-10-26,EDM,VAN,OFF
2025020148,20252026,2,2025-10-27,STL,PIT,OFF
2025020149,20252026,2,2025-10-27,BOS,OTT,OFF
2025020150,20252026,2,2025-10-28,PIT,PHI,OFF
2025020151,20252026,2,2025-10-28,CGY,TOR,OFF
2025020152,20252026,2,2025-10-28,CBJ,BUF,OFF
2025020153,20252026,2,2025-10-28,ANA,FLA,OFF
2025020154,20252026,2,2025-10-28,NYI,BOS,OFF
2025020155,20252026,2,2025-10-28,VGK,CAR,OFF
2025020156,20252026,2,2025-10-28,TBL,NSH,OFF
2025020157,20252026,2,2025-10-28,WPG,MIN,OFF
2025020158,20252026,2,2025-10-28,DET,STL,OFF
2025020159,20252026,2,2025-10-28,WSH,DAL,OFF
2025020160,20252026,2,2025-10-28,OTT,CHI,OFF
2025020161,20252026,2,2025-10-28,NJD,COL,OFF
2025020162,20252026,2,2025-10-28,UTA,EDM,OFF
2025020163,20252026,2,2025-10-28,NYR,VAN,OFF
2025020164,20252026,2,2025-10-28,MTL,SEA,OFF
2025020165,20252026,2,2025-10-28,LAK,SJS,OFF
2025020166,20252026,2,2025-10-29,TOR,CBJ,OFF
2025020167,20252026,2,2025-10-30,BUF,BOS,OFF
2025020168,20252026,2,2025-10-30,CGY,OTT,OFF
2025020169,20252026,2,2025-10-30,DAL,TBL,OFF
2025020170,20252026,2,2025-10-30,NSH,PHI,OFF
2025020171,20252026,2,2025-10-30,NYI,CAR,OFF
2025020172,20252026,2,2025-10-30,VAN,STL,OFF
2025020173,20252026,2,2025-10-30,PIT,MIN,OFF
2025020174,20252026,2,2025-10-30,CHI,WPG,OFF
2025020175,20252026,2,2025-10-30,NYR,EDM,OFF
2025020176,20252026,2,2025-10-30,NJD,SJS,OFF
2025020177,20252026,2,2025-10-30,DET,LAK,OFF
2025020178,20252026,2,2025-10-31,COL,VGK,OFF
2025020179,20252026,2,2025-10-31,NYI,WSH,OFF
2025020180,20252026,2,2025-10-31,DET,ANA,OFF
2025020181,20252026,2,2025-11-01,CAR,BOS,OFF
2025020182,20252026,2,2025-11-01,PIT,WPG,OFF
2025020183,20252026,2,2025-11-01,CGY,NSH,OFF
2025020184,20252026,2,2025-11-01,COL,SJS,OFF
2025020185,20252026,2,2025-11-01,DAL,FLA,OFF
2025020186,20252026,2,2025-11-01,WSH,BUF,OFF
2025020187,20252026,2,2025-11-01,OTT,MTL,OFF
2025020188,20252026,2,2025-11-01,TOR,PHI,OFF
2025020189,20252026,2,2025-11-01,STL,CBJ,OFF
2025020190,20252026,2,2025-11-01,VAN,MIN,OFF
2025020191,20252026,2,2025-11-01,NJD,LAK,OFF
2025020192,20252026,2,2025-11-01,CHI,EDM,OFF
2025020193,20252026,2,2025-11-01,NYR,SEA,OFF
2025020194,20252026,2,2025-11-02,TBL,UTA,OFF
2025020195,20252026,2,2025-11-02,CBJ,NYI,OFF
2025020196,20252026,2,2025-11-02,CGY,PHI,OFF
2025020197,20252026,2,2025-11-02,NJD,ANA,OFF
2025020198,20252026,2,2025-11-02,DET,SJS,OFF
2025020199,20252026,2,2025-11-03,PIT,TOR,OFF
2025020200,20252026,2,2025-11-03,EDM,STL,OFF
2025020201,20252026,2,2025-11-03,VAN,NSH,OFF
2025020202,20252026,2,2025-11-03,CHI,SEA,OFF
2025020203,20252026,2,2025-11-04,UTA,BUF,OFF
2025020204,20252026,2,2025-11-04,PHI,MTL,OFF
2025020205,20252026,2,2025-11-04,BOS,NYI,OFF
2025020206,20252026,2,2025-11-04,CAR,NYR,OFF
2025020207,20252026,2,2025-11-04,EDM,DAL,OFF
2025020208,20252026,2,2025-11-04,NSH,MIN,OFF
2025020209,20252026,2,2025-11-04,TBL,COL,OFF
2025020210,20252026,2,2025-11-04,DET,VGK,OFF
2025020211,20252026,2,2025-11-04,FLA,ANA,OFF
2025020212,20252026,2,2025-11-04,WPG,LAK,OFF
2025020213,20252026,2,2025-11-05,UTA,TOR,OFF
2025020214,20252026,2,2025-11-05,STL,WSH,OFF
2025020215,20252026,2,2025-11-05,CBJ,CGY,OFF
2025020216,20252026,2,2025-11-05,CHI,VAN,OFF
2025020217,20252026,2,2025-11-05,SJS,SEA,OFF
2025020218,20252026,2,2025-11-06,OTT,BOS,OFF
2025020219,20252026,2,2025-11-06,STL,BUF,OFF
2025020220,20252026,2,2025-11-06,MTL,NJD,OFF
2025020221,20252026,2,2025-11-06,WSH,PIT,OFF
2025020222,20252026,2,2025-11-06,MIN,CAR,OFF
2025020223,20252026,2,2025-11-06,PHI,NSH,OFF
2025020224,20252026,2,2025-11-06,ANA,DAL,OFF
2025020225,20252026,2,2025-11-06,TBL,VGK,OFF
2025020226,20252026,2,2025-11-06,FLA,LAK,OFF
2025020227,20252026,2,2025-11-07,NYR,DET,OFF
2025020228,20252026,2,2025-11-07,MIN,NYI,OFF
2025020229,20252026,2,2025-11-07,CHI,CGY,OFF
2025020230,20252026,2,2025-11-07,WPG,SJS,OFF
2025020231,20252026,2,2025-11-08,PIT,NJD,OFF
2025020232,20252026,2,2025-11-08,OTT,PHI,OFF
2025020233,20252026,2,2025-11-08,DAL,NSH,OFF
2025020234,20252026,2,2025-11-08,BOS,TOR,OFF
2025020235,20252026,2,2025-11-08,UTA,MTL,OFF
2025020236,20252026,2,2025-11-08,WSH,TBL,OFF
2025020237,20252026,2,2025-11-08,NYI,NYR,OFF
2025020238,20252026,2,2025-11-08,BUF,CAR,OFF
2025020239,20252026,2,2025-11-08,SEA,STL,OFF
2025020240,20252026,2,2025-11-08,COL,EDM,OFF
2025020241,20252026,2,2025-11-08,CBJ,VAN,OFF
2025020242,20252026,2,2025-11-08,ANA,VGK,OFF
2025020243,20252026,2,2025-11-08,FLA,SJS,OFF
2025020244,20252026,2,2025-11-09,CHI,DET,OFF
2025020245,20252026,2,2025-11-09,LAK,PIT,OFF
2025020246,20252026,2,2025-11-09,CAR,TOR,OFF
2025020247,20252026,2,2025-11-09,UTA,OTT,OFF
2025020248,20252026,2,2025-11-09,SEA,DAL,OFF
2025020249,20252026,2,2025-11-09,CGY,MIN,OFF
2025020250,20252026,2,2025-11-09,COL,VAN,OFF
2025020251,20252026,2,2025-11-09,WPG,ANA,OFF
2025020252,20252026,2,2025-11-10,NYI,NJD,OFF
2025020253,20252026,2,2025-11-10,NSH,NYR,OFF
2025020254,20252026,2,2025-11-10,CBJ,EDM,OFF
2025020255,20252026,2,2025-11-10,FLA,VGK,OFF
2025020256,20252026,2,2025-11-11,TOR,BOS,OFF
2025020257,20252026,2,2025-11-11,LAK,MTL,OFF
2025020258,20252026,2,2025-11-11,DAL,OTT,OFF
2025020259,20252026,2,2025-11-11,WSH,CAR,OFF
2025020260,20252026,2,2025-11-11,CGY,STL,OFF
2025020261,20252026,2,2025-11-11,SJS,MIN,OFF
2025020262,20252026,2,2025-11-11,ANA,COL,OFF
2025020263,20252026,2,2025-11-11,WPG,VAN,OFF
2025020264,20252026,2,2025-11-11,CBJ,SEA,OFF
2025020265,20252026,2,2025-11-12,NYR,TBL,OFF
2025020266,20252026,2,2025-11-12,EDM,PHI,OFF
2025020267,20252026,2,2025-11-12,BUF,UTA,OFF
2025020268,20252026,2,2025-11-12,NJD,CHI,OFF
2025020269,20252026,2,2025-11-13,LAK,TOR,OFF
2025020270,20252026,2,2025-11-13,DAL,MTL,OFF
2025020271,20252026,2,2025-11-13,BOS,OTT,OFF
2025020272,20252026,2,2025-11-13,ANA,DET,OFF
2025020273,20252026,2,2025-11-13,WSH,FLA,OFF
2025020274,20252026,2,2025-11-13,EDM,CBJ,OFF
2025020275,20252026,2,2025-11-13,BUF,COL,OFF
2025020276,20252026,2,2025-11-13,SJS,CGY,OFF
2025020277,20252026,2,2025-11-13,NYI,VGK,OFF
2025020278,20252026,2,2025-11-13,WPG,SEA,OFF
2025020279,20252026,2,2025-11-14,VAN,CAR,OFF
2025020280,20252026,2,2025-11-14,PHI,STL,OFF
2025020281,20252026,2,2025-11-14,PIT,NSH,OFF
2025020282,20252026,2,2025-11-14,NYI,UTA,OFF
2025020283,20252026,2,2025-11-15,TBL,FLA,OFF
2025020284,20252026,2,2025-11-15,ANA,MIN,OFF
2025020285,20252026,2,2025-11-15,BOS,MTL,OFF
2025020286,20252026,2,2025-11-15,LAK,OTT,OFF
2025020287,20252026,2,2025-11-15,BUF,DET,OFF
2025020288,20252026,2,2025-11-15,NJD,WSH,OFF
2025020289,20252026,2,2025-11-15,EDM,CAR,OFF
2025020290,20252026,2,2025-11-15,NYR,CBJ,OFF
2025020291,20252026,2,2025-11-15,TOR,CHI,OFF
2025020292,20252026,2,2025-11-15,VGK,STL,OFF
2025020293,20252026,2,2025-11-15,PHI,DAL,OFF
2025020294,20252026,2,2025-11-15,WPG,CGY,OFF
2025020295,20252026,2,2025-11-15,SJS,SEA,OFF
2025020296,20252026,2,2025-11-16,NSH,PIT,OFF
2025020297,20252026,2,2025-11-16,VAN,TBL,OFF
2025020298,20252026,2,2025-11-16,VGK,MIN,OFF
2025020299,20252026,2,2025-11-16,DET,NYR,OFF
2025020300,20252026,2,2025-11-16,NYI,COL,OFF
2025020301,20252026,2,2025-11-17,CAR,BOS,OFF
2025020302,20252026,2,2025-11-17,EDM,BUF,OFF
2025020303,20252026,2,2025-11-17,VAN,FLA,OFF
2025020304,20252026,2,2025-11-17,LAK,WSH,OFF
2025020305,20252026,2,2025-11-17,MTL,CBJ,OFF
2025020306,20252026,2,2025-11-17,UTA,ANA,OFF
2025020307,20252026,2,2025-11-18,STL,TOR,OFF
2025020308,20252026,2,2025-11-18,SEA,DET,OFF
2025020309,20252026,2,2025-11-18,NJD,TBL,OFF
2025020310,20252026,2,2025-11-18,NYI,DAL,OFF
2025020311,20252026,2,2025-11-18,CBJ,WPG,OFF
2025020312,20252026,2,2025-11-18,CGY,CHI,OFF
2025020313,20252026,2,2025-11-18,NYR,VGK,OFF
2025020314,20252026,2,2025-11-18,UTA,SJS,OFF
2025020315,20252026,2,2025-11-19,EDM,WSH,OFF
2025020316,20252026,2,2025-11-19,CGY,BUF,OFF
2025020317,20252026,2,2025-11-19,CAR,MIN,OFF
2025020318,20252026,2,2025-11-19,BOS,ANA,OFF
2025020319,20252026,2,2025-11-20,CBJ,TOR,OFF
2025020320,20252026,2,2025-11-20,WSH,MTL,OFF
2025020321,20252026,2,2025-11-20,NYI,DET,OFF
2025020322,20252026,2,2025-11-20,EDM,TBL,OFF
2025020323,20252026,2,2025-11-20,NJD,FLA,OFF
2025020324,20252026,2,2025-11-20,STL,PHI,OFF
2025020325,20252026,2,2025-11-20,SEA,CHI,OFF
2025020326,20252026,2,2025-11-20,NYR,COL,OFF
2025020327,20252026,2,2025-11-20,VGK,UTA,OFF
2025020328,20252026,2,2025-11-20,DAL,VAN,OFF
2025020329,20252026,2,2025-11-20,OTT,ANA,OFF
2025020330,20252026,2,2025-11-20,LAK,SJS,OFF
2025020331,20252026,2,2025-11-21,CHI,BUF,OFF
2025020332,20252026,2,2025-11-21,MIN,PIT,OFF
2025020333,20252026,2,2025-11-21,CAR,WPG,OFF
2025020334,20252026,2,2025-11-21,BOS,LAK,OFF
2025020335,20252026,2,2025-11-22,CBJ,DET,OFF
2025020336,20252026,2,2025-11-22,STL,NYI,OFF
2025020337,20252026,2,2025-11-22,TOR,MTL,OFF
2025020338,20252026,2,2025-11-22,EDM,FLA,OFF
2025020339,20252026,2,2025-11-22,NJD,PHI,OFF
2025020340,20252026,2,2025-11-22,SEA,PIT,OFF
2025020341,20252026,2,2025-11-22,TBL,WSH,OFF
2025020342,20252026,2,2025-11-22,OTT,SJS,OFF
2025020343,20252026,2,2025-11-22,COL,NSH,OFF
2025020344,20252026,2,2025-11-22,NYR,UTA,OFF
2025020345,20252026,2,2025-11-22,DAL,CGY,OFF
2025020346,20252026,2,2025-11-22,VGK,ANA,OFF
2025020347,20252026,2,2025-11-23,CAR,BUF,OFF
2025020348,20252026,2,2025-11-23,MIN,WPG,OFF
2025020349,20252026,2,2025-11-23,SEA,NYI,OFF
2025020350,20252026,2,2025-11-23,COL,CHI,OFF
2025020351,20252026,2,2025-11-23,BOS,SJS,OFF
2025020352,20252026,2,2025-11-23,CGY,VAN,OFF
2025020353,20252026,2,2025-11-24,PHI,TBL,OFF
2025020354,20252026,2,2025-11-24,DET,NJD,OFF
2025020355,20252026,2,2025-11-24,STL,NYR,OFF
2025020356,20252026,2,2025-11-24,CBJ,WSH,OFF
2025020357,20252026,2,2025-11-24,FLA,NSH,OFF
2025020358,20252026,2,2025-11-24,VGK,UTA,OFF
2025020359,20252026,2,2025-11-24,OTT,LAK,OFF
2025020360,20252026,2,2025-11-25,DAL,EDM,OFF
2025020361,20252026,2,2025-11-26,NSH,DET,OFF
2025020362,20252026,2,2025-11-26,CGY,TBL,OFF
2025020363,20252026,2,2025-11-26,PHI,FLA,OFF
2025020364,20252026,2,2025-11-26,STL,NJD,OFF
2025020365,20252026,2,2025-11-26,BOS,NYI,OFF
2025020366,20252026,2,2025-11-26,BUF,PIT,OFF
2025020367,20252026,2,2025-11-26,WPG,WSH,OFF
2025020368,20252026,2,2025-11-26,NYR,CAR,OFF
2025020369,20252026,2,2025-11-26,TOR,CBJ,OFF
2025020370,20252026,2,2025-11-26,MIN,CHI,OFF
2025020371,20252026,2,2025-11-26,SJS,COL,OFF
2025020372,20252026,2,2025-11-26,MTL,UTA,OFF
2025020373,20252026,2,2025-11-26,OTT,VGK,OFF
2025020374,20252026,2,2025-11-26,VAN,ANA,OFF
2025020375,20252026,2,2025-11-26,DAL,SEA,OFF
2025020376,20252026,2,2025-11-28,NYR,BOS,OFF
2025020377,20252026,2,2025-11-28,TBL,DET,OFF
2025020378,20252026,2,2025-11-28,COL,MIN,OFF
2025020379,20252026,2,2025-11-28,NJD,BUF,OFF
2025020380,20252026,2,2025-11-28,CGY,FLA,OFF
2025020381,20252026,2,2025-11-28,PHI,NYI,OFF
2025020382,20252026,2,2025-11-28,OTT,STL,OFF
2025020383,20252026,2,2025-11-28,MTL,VGK,OFF
2025020384,20252026,2,2025-11-28,LAK,ANA,OFF
2025020385,20252026,2,2025-11-28,VAN,SJS,OFF
2025020386,20252026,2,2025-11-28,TOR,WSH,OFF
2025020387,20252026,2,2025-11-28,WPG,CAR,OFF
2025020388,20252026,2,2025-11-28,PIT,CBJ,OFF
2025020389,20252026,2,2025-11-28,NSH,CHI,OFF
2025020390,20252026,2,2025-11-28,UTA,DAL,OFF
2025020391,20252026,2,2025-11-29,TBL,NYR,OFF
2025020392,20252026,2,2025-11-29,MTL,COL,OFF
2025020393,20252026,2,2025-11-29,EDM,SEA,OFF
2025020394,20252026,2,2025-11-29,DET,BOS,OFF
2025020395,20252026,2,2025-11-29,PHI,NJD,OFF
2025020396,20252026,2,2025-11-29,TOR,PIT,OFF
2025020397,20252026,2,2025-11-29,WPG,NSH,OFF
2025020398,20252026,2,2025-11-29,UTA,STL,OFF
2025020399,20252026,2,2025-11-29,BUF,MIN,OFF
2025020400,20252026,2,2025-11-29,SJS,VGK,OFF
2025020401,20252026,2,2025-11-29,VAN,LAK,OFF
2025020402,20252026,2,2025-11-30,WSH,NYI,OFF
2025020403,20252026,2,2025-11-30,ANA,CHI,OFF
2025020404,20252026,2,2025-11-30,CGY,CAR,OFF
2025020405,20252026,2,2025-11-30,OTT,DAL,OFF
2025020406,20252026,2,2025-12-01,CBJ,NJD,OFF
2025020407,20252026,2,2025-12-01,PIT,PHI,OFF
2025020408,20252026,2,2025-12-01,WPG,BUF,OFF
2025020409,20252026,2,2025-12-01,ANA,STL,OFF
2025020410,20252026,2,2025-12-01,UTA,SJS,OFF
2025020411,20252026,2,2025-12-02,OTT,MTL,OFF
2025020412,20252026,2,2025-12-02,BOS,DET,OFF
2025020413,20252026,2,2025-12-02,TOR,FLA,OFF
2025020414,20252026,2,2025-12-02,TBL,NYI,OFF
2025020415,20252026,2,2025-12-02,DAL,NYR,OFF
2025020416,20252026,2,2025-12-02,CGY,NSH,OFF
2025020417,20252026,2,2025-12-02,VAN,COL,OFF
2025020418,20252026,2,2025-12-02,MIN,EDM,OFF
2025020419,20252026,2,2025-12-02,CHI,VGK,OFF
2025020420,20252026,2,2025-12-02,WSH,LAK,OFF
2025020421,20252026,2,2025-12-03,DAL,NJD,OFF
2025020422,20252026,2,2025-12-03,WPG,MTL,OFF
2025020423,20252026,2,2025-12-03,BUF,PHI,OFF
2025020424,20252026,2,2025-12-03,UTA,ANA,OFF
2025020425,20252026,2,2025-12-03,WSH,SJS,OFF
2025020426,20252026,2,2025-12-04,STL,BOS,OFF
2025020427,20252026,2,2025-12-04,NYR,OTT,OFF
2025020428,20252026,2,2025-12-04,PIT,TBL,OFF
2025020429,20252026,2,2025-12-04,NSH,FLA,OFF
2025020430,20252026,2,2025-12-04,COL,NYI,OFF
2025020431,20252026,2,2025-12-04,TOR,CAR,OFF
2025020432,20252026,2,2025-12-04,DET,CBJ,OFF
2025020433,20252026,2,2025-12-04,MIN,CGY,OFF
2025020434,20252026,2,2025-12-04,SEA,EDM,OFF
2025020435,20252026,2,2025-12-04,CHI,LAK,OFF
2025020436,20252026,2,2025-12-05,VGK,NJD,OFF
2025020437,20252026,2,2025-12-05,BUF,WPG,OFF
2025020438,20252026,2,2025-12-05,SJS,DAL,OFF
2025020439,20252026,2,2025-12-05,UTA,VAN,OFF
2025020440,20252026,2,2025-12-05,WSH,ANA,OFF
2025020441,20252026,2,2025-12-06,COL,NYR,OFF
2025020442,20252026,2,2025-12-06,CBJ,FLA,OFF
2025020443,20252026,2,2025-12-06,NJD,BOS,OFF
2025020444,20252026,2,2025-12-06,MTL,TOR,OFF
2025020445,20252026,2,2025-12-06,STL,OTT,OFF
2025020446,20252026,2,2025-12-06,NYI,TBL,OFF
2025020447,20252026,2,2025-12-06,NSH,CAR,OFF
2025020448,20252026,2,2025-12-06,UTA,CGY,OFF
2025020449,20252026,2,2025-12-06,CHI,LAK,OFF
2025020450,20252026,2,2025-12-06,WPG,EDM,OFF
2025020451,20252026,2,2025-12-06,MIN,VAN,OFF
2025020452,20252026,2,2025-12-06,DET,SEA,OFF
2025020453,20252026,2,2025-12-07,COL,PHI,OFF
2025020454,20252026,2,2025-12-07,NYI,FLA,OFF
2025020455,20252026,2,2025-12-07,SJS,CAR,OFF
2025020456,20252026,2,2025-12-07,PIT,DAL,OFF
2025020457,20252026,2,2025-12-07,STL,MTL,OFF
2025020458,20252026,2,2025-12-07,VGK,NYR,OFF
2025020459,20252026,2,2025-12-07,CBJ,WSH,OFF
2025020460,20252026,2,2025-12-07,CHI,ANA,OFF
2025020461,20252026,2,2025-12-08,TBL,TOR,OFF
2025020462,20252026,2,2025-12-08,LAK,UTA,OFF
2025020463,20252026,2,2025-12-08,BUF,CGY,OFF
2025020464,20252026,2,2025-12-08,DET,VAN,OFF
2025020465,20252026,2,2025-12-08,MIN,SEA,OFF
2025020466,20252026,2,2025-12-09,TBL,MTL,OFF
2025020467,20252026,2,2025-12-09,NJD,OTT,OFF
2025020468,20252026,2,2025-12-09,VGK,NYI,OFF
2025020469,20252026,2,2025-12-09,SJS,PHI,OFF
2025020470,20252026,2,2025-12-09,ANA,PIT,OFF
2025020471,20252026,2,2025-12-09,CBJ,CAR,OFF
2025020472,20252026,2,2025-12-09,BOS,STL,OFF
2025020473,20252026,2,2025-12-09,DAL,WPG,OFF
2025020474,20252026,2,2025-12-09,BUF,EDM,OFF
2025020475,20252026,2,2025-12-09,COL,NSH,OFF
2025020476,20252026,2,2025-12-10,NYR,CHI,OFF
2025020477,20252026,2,2025-12-10,DET,CGY,OFF
2025020478,20252026,2,2025-12-10,FLA,UTA,OFF
2025020479,20252026,2,2025-12-10,LAK,SEA,OFF
2025020480,20252026,2,2025-12-11,SJS,TOR,OFF
2025020481,20252026,2,2025-12-11,TBL,NJD,OFF
2025020482,20252026,2,2025-12-11,ANA,NYI,OFF
2025020483,20252026,2,2025-12-11,VGK,PHI,OFF
2025020484,20252026,2,2025-12-11,MTL,PIT,OFF
2025020485,20252026,2,2025-12-11,CAR,WSH,OFF
2025020486,20252026,2,2025-12-11,OTT,CBJ,OFF
2025020487,20252026,2,2025-12-11,STL,NSH,OFF
2025020488,20252026,2,2025-12-11,DAL,MIN,OFF
2025020489,20252026,2,2025-12-11,BOS,WPG,OFF
2025020490,20252026,2,2025-12-11,FLA,COL,OFF
2025020491,20252026,2,2025-12-11,DET,EDM,OFF
2025020492,20252026,2,2025-12-11,BUF,VAN,OFF
2025020493,20252026,2,2025-12-12,CHI,STL,OFF
2025020494,20252026,2,2025-12-12,SEA,UTA,OFF
2025020495,20252026,2,2025-12-13,ANA,NJD,OFF
2025020496,20252026,2,2025-12-13,OTT,MIN,OFF
2025020497,20252026,2,2025-12-13,SJS,PIT,OFF
2025020498,20252026,2,2025-12-13,TBL,NYI,OFF
2025020499,20252026,2,2025-12-13,EDM,TOR,OFF
2025020500,20252026,2,2025-12-13,MTL,NYR,OFF
2025020501,20252026,2,2025-12-13,CAR,PHI,OFF
2025020502,20252026,2,2025-12-13,VGK,CBJ,OFF
2025020503,20252026,2,2025-12-13,WSH,WPG,OFF
2025020504,20252026,2,2025-12-13,DET,CHI,OFF
2025020505,20252026,2,2025-12-13,FLA,DAL,OFF
2025020506,20252026,2,2025-12-13,NSH,COL,OFF
2025020507,20252026,2,2025-12-13,CGY,LAK,OFF
2025020508,20252026,2,2025-12-14,VAN,NJD,OFF
2025020509,20252026,2,2025-12-14,UTA,PIT,OFF
2025020510,20252026,2,2025-12-14,PHI,CAR,OFF
2025020511,20252026,2,2025-12-14,BOS,MIN,OFF
2025020512,20252026,2,2025-12-14,EDM,MTL,OFF
2025020513,20252026,2,2025-12-14,BUF,SEA,OFF
2025020514,20252026,2,2025-12-15,FLA,TBL,OFF
2025020515,20252026,2,2025-12-15,ANA,NYR,OFF
2025020516,20252026,2,2025-12-15,OTT,WPG,OFF
2025020517,20252026,2,2025-12-15,NSH,STL,OFF
2025020518,20252026,2,2025-12-15,LAK,DAL,OFF
2025020519,20252026,2,2025-12-16,UTA,BOS,OFF
2025020520,20252026,2,2025-12-16,CHI,TOR,OFF
2025020521,20252026,2,2025-12-16,PHI,MTL,OFF
2025020522,20252026,2,2025-12-16,NYI,DET,OFF
2025020523,20252026,2,2025-12-16,VAN,NYR,OFF
2025020524,20252026,2,2025-12-16,EDM,PIT,OFF
2025020525,20252026,2,2025-12-16,ANA,CBJ,OFF
2025020526,20252026,2,2025-12-16,WSH,MIN,OFF
2025020527,20252026,2,2025-12-16,CGY,SJS,OFF
2025020528,20252026,2,2025-12-16,COL,SEA,OFF
2025020529,20252026,2,2025-12-17,LAK,FLA,OFF
2025020530,20252026,2,2025-12-17,UTA,DET,OFF
2025020531,20252026,2,2025-12-17,WPG,STL,OFF
2025020532,20252026,2,2025-12-17,CAR,NSH,OFF
2025020533,20252026,2,2025-12-17,NJD,VGK,OFF
2025020534,20252026,2,2025-12-18,EDM,BOS,OFF
2025020535,20252026,2,2025-12-18,PHI,BUF,OFF
2025020536,20252026,2,2025-12-18,CHI,MTL,OFF
2025020537,20252026,2,2025-12-18,PIT,OTT,OFF
2025020538,20252026,2,2025-12-18,LAK,TBL,OFF
2025020539,20252026,2,2025-12-18,TOR,WSH,OFF
2025020540,20252026,2,2025-12-18,MIN,CBJ,OFF
2025020541,20252026,2,2025-12-18,NYR,STL,OFF
2025020542,20252026,2,2025-12-18,SEA,CGY,OFF
2025020543,20252026,2,2025-12-18,DAL,SJS,OFF
2025020544,20252026,2,2025-12-19,CAR,FLA,OFF
2025020545,20252026,2,2025-12-19,VAN,NYI,OFF
2025020546,20252026,2,2025-12-19,WPG,COL,OFF
2025020547,20252026,2,2025-12-19,NJD,UTA,OFF
2025020548,20252026,2,2025-12-19,DAL,ANA,OFF
2025020549,20252026,2,2025-12-20,PHI,NYR,OFF
2025020550,20252026,2,2025-12-20,DET,WSH,OFF
2025020551,20252026,2,2025-12-20,CHI,OTT,OFF
2025020552,20252026,2,2025-12-20,EDM,MIN,OFF
2025020553,20252026,2,2025-12-20,NYI,BUF,OFF
2025020554,20252026,2,2025-12-20,STL,FLA,OFF
2025020555,20252026,2,2025-12-20,VAN,BOS,OFF
2025020556,20252026,2,2025-12-20,PIT,MTL,OFF
2025020557,20252026,2,2025-12-20,CAR,TBL,OFF
2025020558,20252026,2,2025-12-20,TOR,NSH,OFF
2025020559,20252026,2,2025-12-20,VGK,CGY,OFF
2025020560,20252026,2,2025-12-20,CBJ,ANA,OFF
2025020561,20252026,2,2025-12-20,SEA,SJS,OFF
2025020562,20252026,2,2025-12-21,WSH,DET,OFF
2025020563,20252026,2,2025-12-21,COL,MIN,OFF
2025020564,20252026,2,2025-12-21,OTT,BOS,OFF
2025020565,20252026,2,2025-12-21,BUF,NJD,OFF
2025020566,20252026,2,2025-12-21,MTL,PIT,OFF
2025020567,20252026,2,2025-12-21,NYR,NSH,OFF
2025020568,20252026,2,2025-12-21,TOR,DAL,OFF
2025020569,20252026,2,2025-12-21,WPG,UTA,OFF
2025020570,20252026,2,2025-12-21,VGK,EDM,OFF
2025020571,20252026,2,2025-12-22,STL,TBL,OFF
2025020572,20252026,2,2025-12-22,VAN,PHI,OFF
2025020573,20252026,2,2025-12-22,SEA,ANA,OFF
2025020574,20252026,2,2025-12-22,CBJ,LAK,OFF
2025020575,20252026,2,2025-12-23,PIT,TOR,OFF
2025020576,20252026,2,2025-12-23,NYR,WSH,OFF
2025020577,20252026,2,2025-12-23,MTL,BOS,OFF
2025020578,20252026,2,2025-12-23,BUF,OTT,OFF
2025020579,20252026,2,2025-12-23,DAL,DET,OFF
2025020580,20252026,2,2025-12-23,NJD,NYI,OFF
2025020581,20252026,2,2025-12-23,FLA,CAR,OFF
2025020582,20252026,2,2025-12-23,NSH,MIN,OFF
2025020583,20252026,2,2025-12-23,PHI,CHI,OFF
2025020584,20252026,2,2025-12-23,UTA,COL,OFF
2025020585,20252026,2,2025-12-23,CGY,EDM,OFF
2025020586,20252026,2,2025-12-23,SJS,VGK,OFF
2025020587,20252026,2,2025-12-23,SEA,LAK,OFF
2025020588,20252026,2,2025-12-27,NYR,NYI,OFF
2025020589,20252026,2,2025-12-27,BOS,BUF,OFF
2025020590,20252026,2,2025-12-27,OTT,TOR,OFF
2025020591,20252026,2,2025-12-27,TBL,FLA,OFF
2025020592,20252026,2,2025-12-27,WSH,NJD,OFF
2025020593,20252026,2,2025-12-27,DET,CAR,OFF
2025020594,20252026,2,2025-12-27,MIN,WPG,OFF
2025020595,20252026,2,2025-12-27,NSH,STL,OFF
2025020596,20252026,2,2025-12-27,CHI,DAL,OFF
2025020597,20252026,2,2025-12-27,ANA,LAK,OFF
2025020598,20252026,2,2025-12-27,EDM,CGY,OFF
2025020599,20252026,2,2025-12-27,SJS,VAN,OFF
2025020600,20252026,2,2025-12-27,COL,VGK,OFF
2025020601,20252026,2,2025-12-28,TOR,DET,OFF
2025020602,20252026,2,2025-12-28,MTL,TBL,OFF
2025020603,20252026,2,2025-12-28,NYI,CBJ,OFF
2025020604,20252026,2,2025-12-28,PIT,CHI,OFF
2025020605,20252026,2,2025-12-28,PHI,SEA,OFF
2025020606,20252026,2,2025-12-29,CBJ,OTT,OFF
2025020607,20252026,2,2025-12-29,WSH,FLA,OFF
2025020608,20252026,2,2025-12-29,NYR,CAR,OFF
2025020609,20252026,2,2025-12-29,EDM,WPG,OFF
2025020610,20252026,2,2025-12-29,BUF,STL,OFF
2025020611,20252026,2,2025-12-29,LAK,COL,OFF
2025020612,20252026,2,2025-12-29,NSH,UTA,OFF
2025020613,20252026,2,2025-12-29,BOS,CGY,OFF
2025020614,20252026,2,2025-12-29,MIN,VGK,OFF
2025020615,20252026,2,2025-12-29,SJS,ANA,OFF
2025020616,20252026,2,2025-12-29,VAN,SEA,OFF
2025020617,20252026,2,2025-12-30,NJD,TOR,OFF
2025020618,20252026,2,2025-12-30,MTL,FLA,OFF
2025020619,20252026,2,2025-12-30,CAR,PIT,OFF
2025020620,20252026,2,2025-12-30,NYI,CHI,OFF
2025020621,20252026,2,2025-12-30,PHI,VAN,OFF
2025020622,20252026,2,2025-12-31,NYR,WSH,OFF
2025020623,20252026,2,2025-12-31,NSH,VGK,OFF
2025020624,20252026,2,2025-12-31,TBL,ANA,OFF
2025020625,20252026,2,2025-12-31,MIN,SJS,OFF
2025020626,20252026,2,2025-12-31,WPG,DET,OFF
2025020627,20252026,2,2025-12-31,NJD,CBJ,OFF
2025020628,20252026,2,2025-12-31,BUF,DAL,OFF
2025020629,20252026,2,2025-12-31,STL,COL,OFF
2025020630,20252026,2,2025-12-31,PHI,CGY,OFF
2025020631,20252026,2,2025-12-31,BOS,EDM,OFF
2025020632,20252026,2,2026-01-01,WSH,OTT,OFF
2025020633,20252026,2,2026-01-01,UTA,NYI,OFF
2025020634,20252026,2,2026-01-01,WPG,TOR,OFF
2025020635,20252026,2,2026-01-01,DET,PIT,OFF
2025020636,20252026,2,2026-01-01,MTL,CAR,OFF
2025020637,20252026,2,2026-01-01,DAL,CHI,OFF
2025020638,20252026,2,2026-01-01,NSH,SEA,OFF
2025020639,20252026,2,2026-01-01,TBL,LAK,OFF
2025020640,20252026,2,2026-01-02,VGK,STL,OFF
2025020641,20252026,2,2026-01-02,NYR,FLA,OFF
2025020642,20252026,2,2026-01-02,SEA,VAN,OFF
2025020643,20252026,2,2026-01-02,MIN,ANA,OFF
2025020644,20252026,2,2026-01-03,PIT,DET,OFF
2025020645,20252026,2,2026-01-03,UTA,NJD,OFF
2025020646,20252026,2,2026-01-03,BUF,CBJ,OFF
2025020647,20252026,2,2026-01-03,PHI,EDM,OFF
2025020648,20252026,2,2026-01-03,MTL,STL,OFF
2025020649,20252026,2,2026-01-03,TBL,SJS,OFF
2025020650,20252026,2,2026-01-03,WPG,OTT,OFF
2025020651,20252026,2,2026-01-03,TOR,NYI,OFF
2025020652,20252026,2,2026-01-03,CHI,WSH,OFF
2025020653,20252026,2,2026-01-03,COL,CAR,OFF
2025020654,20252026,2,2026-01-03,NSH,CGY,OFF
2025020655,20252026,2,2026-01-03,MIN,LAK,OFF
2025020656,20252026,2,2026-01-03,BOS,VAN,OFF
2025020657,20252026,2,2026-01-04,MTL,DAL,OFF
2025020658,20252026,2,2026-01-04,PIT,CBJ,OFF
2025020659,20252026,2,2026-01-04,COL,FLA,OFF
2025020660,20252026,2,2026-01-04,CAR,NJD,OFF
2025020661,20252026,2,2026-01-04,VGK,CHI,OFF
2025020662,20252026,2,2026-01-05,UTA,NYR,OFF
2025020663,20252026,2,2026-01-05,ANA,WSH,OFF
2025020664,20252026,2,2026-01-05,DET,OTT,OFF
2025020665,20252026,2,2026-01-05,SEA,CGY,OFF
2025020666,20252026,2,2026-01-05,MIN,LAK,OFF
2025020667,20252026,2,2026-01-06,VAN,BUF,OFF
2025020668,20252026,2,2026-01-06,COL,TBL,OFF
2025020669,20252026,2,2026-01-06,NJD,NYI,OFF
2025020670,20252026,2,2026-01-06,ANA,PHI,OFF
2025020671,20252026,2,2026-01-06,DAL,CAR,OFF
2025020672,20252026,2,2026-01-06,FLA,TOR,OFF
2025020673,20252026,2,2026-01-06,VGK,WPG,OFF
2025020674,20252026,2,2026-01-06,NSH,EDM,OFF
2025020675,20252026,2,2026-01-06,CBJ,SJS,OFF
2025020676,20252026,2,2026-01-06,BOS,SEA,OFF
2025020677,20252026,2,2026-01-07,DAL,WSH,OFF
2025020678,20252026,2,2026-01-07,CGY,MTL,OFF
2025020679,20252026,2,2026-01-07,STL,CHI,OFF
2025020680,20252026,2,2026-01-07,OTT,UTA,OFF
2025020681,20252026,2,2026-01-07,SJS,LAK,OFF
2025020682,20252026,2,2026-01-08,CGY,BOS,OFF
2025020683,20252026,2,2026-01-08,FLA,MTL,OFF
2025020684,20252026,2,2026-01-08,VAN,DET,OFF
2025020685,20252026,2,2026-01-08,BUF,NYR,OFF
2025020686,20252026,2,2026-01-08,TOR,PHI,OFF
2025020687,20252026,2,2026-01-08,NJD,PIT,OFF
2025020688,20252026,2,2026-01-08,ANA,CAR,OFF
2025020689,20252026,2,2026-01-08,NYI,NSH,OFF
2025020690,20252026,2,2026-01-08,EDM,WPG,OFF
2025020691,20252026,2,2026-01-08,OTT,COL,OFF
2025020692,20252026,2,2026-01-08,CBJ,VGK,OFF
2025020693,20252026,2,2026-01-08,MIN,SEA,OFF
2025020694,20252026,2,2026-01-09,WSH,CHI,OFF
2025020695,20252026,2,2026-01-09,LAK,WPG,OFF
2025020696,20252026,2,2026-01-09,STL,UTA,OFF
2025020697,20252026,2,2026-01-10,NYR,BOS,OFF
2025020698,20252026,2,2026-01-10,CGY,PIT,OFF
2025020699,20252026,2,2026-01-10,CBJ,COL,OFF
2025020700,20252026,2,2026-01-10,DAL,SJS,OFF
2025020701,20252026,2,2026-01-10,ANA,BUF,OFF
2025020702,20252026,2,2026-01-10,VAN,TOR,OFF
2025020703,20252026,2,2026-01-10,DET,MTL,OFF
2025020704,20252026,2,2026-01-10,FLA,OTT,OFF
2025020705,20252026,2,2026-01-10,TBL,PHI,OFF
2025020706,20252026,2,2026-01-10,SEA,CAR,OFF
2025020707,20252026,2,2026-01-10,CHI,NSH,OFF
2025020708,20252026,2,2026-01-10,NYI,MIN,OFF
2025020709,20252026,2,2026-01-10,LAK,EDM,OFF
2025020710,20252026,2,2026-01-10,STL,VGK,OFF
2025020711,20252026,2,2026-01-11,NJD,WPG,OFF
2025020712,20252026,2,2026-01-11,PIT,BOS,OFF
2025020713,20252026,2,2026-01-11,WSH,NSH,OFF
2025020714,20252026,2,2026-01-11,CBJ,UTA,OFF
2025020715,20252026,2,2026-01-11,VGK,SJS,OFF
2025020716,20252026,2,2026-01-12,FLA,BUF,OFF
2025020717,20252026,2,2026-01-12,CAR,DET,OFF
2025020718,20252026,2,2026-01-12,SEA,NYR,OFF
2025020719,20252026,2,2026-01-12,TBL,PHI,OFF
2025020720,20252026,2,2026-01-12,VAN,MTL,OFF
2025020721,20252026,2,2026-01-12,NJD,MIN,OFF
2025020722,20252026,2,2026-01-12,EDM,CHI,OFF
2025020723,20252026,2,2026-01-12,TOR,COL,OFF
2025020724,20252026,2,2026-01-12,DAL,LAK,OFF
2025020725,20252026,2,2026-01-13,VAN,OTT,OFF
2025020726,20252026,2,2026-01-13,TBL,PIT,OFF
2025020727,20252026,2,2026-01-13,MTL,WSH,OFF
2025020728,20252026,2,2026-01-13,CGY,CBJ,OFF
2025020729,20252026,2,2026-01-13,DET,BOS,OFF
2025020730,20252026,2,2026-01-13,CAR,STL,OFF
2025020731,20252026,2,2026-01-13,EDM,NSH,OFF
2025020732,20252026,2,2026-01-13,NYI,WPG,OFF
2025020733,20252026,2,2026-01-13,TOR,UTA,OFF
2025020734,20252026,2,2026-01-13,DAL,ANA,OFF
2025020735,20252026,2,2026-01-14,SEA,NJD,OFF
2025020736,20252026,2,2026-01-14,PHI,BUF,OFF
2025020737,20252026,2,2026-01-14,OTT,NYR,OFF
2025020738,20252026,2,2026-01-14,VGK,LAK,OFF
2025020739,20252026,2,2026-01-15,SEA,BOS,OFF
2025020740,20252026,2,2026-01-15,MTL,BUF,OFF
2025020741,20252026,2,2026-01-15,PHI,PIT,OFF
2025020742,20252026,2,2026-01-15,SJS,WSH,OFF
2025020743,20252026,2,2026-01-15,VAN,CBJ,OFF
2025020744,20252026,2,2026-01-15,WPG,MIN,OFF
2025020745,20252026,2,2026-01-15,CGY,CHI,OFF
2025020746,20252026,2,2026-01-15,DAL,UTA,OFF
2025020747,20252026,2,2026-01-15,NYI,EDM,OFF
2025020748,20252026,2,2026-01-15,TOR,VGK,OFF
2025020749,20252026,2,2026-01-16,SJS,DET,OFF
2025020750,20252026,2,2026-01-16,FLA,CAR,OFF
2025020751,20252026,2,2026-01-16,TBL,STL,OFF
2025020752,20252026,2,2026-01-16,NSH,COL,OFF
2025020753,20252026,2,2026-01-16,ANA,LAK,OFF
2025020754,20252026,2,2026-01-17,MIN,BUF,OFF
2025020755,20252026,2,2026-01-17,NYR,PHI,OFF
2025020756,20252026,2,2026-01-17,NYI,CGY,OFF
2025020757,20252026,2,2026-01-17,SEA,UTA,OFF
2025020758,20252026,2,2026-01-17,MTL,OTT,OFF
2025020759,20252026,2,2026-01-17,CAR,NJD,OFF
2025020760,20252026,2,2026-01-17,CBJ,PIT,OFF
2025020761,20252026,2,2026-01-17,FLA,WSH,OFF
2025020762,20252026,2,2026-01-17,TOR,WPG,OFF
2025020763,20252026,2,2026-01-17,BOS,CHI,OFF
2025020764,20252026,2,2026-01-17,EDM,VAN,OFF
2025020765,20252026,2,2026-01-17,NSH,VGK,OFF
2025020766,20252026,2,2026-01-17,LAK,ANA,OFF
2025020767,20252026,2,2026-01-18,TBL,DAL,OFF
2025020768,20252026,2,2026-01-18,OTT,DET,OFF
2025020769,20252026,2,2026-01-18,STL,EDM,OFF
2025020770,20252026,2,2026-01-19,BUF,CAR,OFF
2025020771,20252026,2,2026-01-19,WSH,COL,OFF
2025020772,20252026,2,2026-01-19,PIT,SEA,OFF
2025020773,20252026,2,2026-01-19,SJS,FLA,OFF
2025020774,20252026,2,2026-01-19,MIN,TOR,OFF
2025020775,20252026,2,2026-01-19,PHI,VGK,OFF
2025020776,20252026,2,2026-01-19,WPG,CHI,OFF
2025020777,20252026,2,2026-01-19,NJD,CGY,OFF
2025020778,20252026,2,2026-01-19,NYI,VAN,OFF
2025020779,20252026,2,2026-01-19,NYR,ANA,OFF
2025020780,20252026,2,2026-01-20,MIN,MTL,OFF
2025020781,20252026,2,2026-01-20,SJS,TBL,OFF
2025020782,20252026,2,2026-01-20,OTT,CBJ,OFF
2025020783,20252026,2,2026-01-20,BOS,DAL,OFF
2025020784,20252026,2,2026-01-20,BUF,NSH,OFF
2025020785,20252026,2,2026-01-20,STL,WPG,OFF
2025020786,20252026,2,2026-01-20,NJD,EDM,OFF
2025020787,20252026,2,2026-01-20,NYR,LAK,OFF
2025020788,20252026,2,2026-01-21,DET,TOR,OFF
2025020789,20252026,2,2026-01-21,ANA,COL,OFF
2025020790,20252026,2,2026-01-21,PHI,UTA,OFF
2025020791,20252026,2,2026-01-21,PIT,CGY,OFF
2025020792,20252026,2,2026-01-21,WSH,VAN,OFF
2025020793,20252026,2,2026-01-21,NYI,SEA,OFF
2025020794,20252026,2,2026-01-22,VGK,BOS,OFF
2025020795,20252026,2,2026-01-22,BUF,MTL,OFF
2025020796,20252026,2,2026-01-22,CHI,CAR,OFF
2025020797,20252026,2,2026-01-22,DAL,CBJ,OFF
2025020798,20252026,2,2026-01-22,OTT,NSH,OFF
2025020799,20252026,2,2026-01-22,FLA,WPG,OFF
2025020800,20252026,2,2026-01-22,PIT,EDM,OFF
2025020801,20252026,2,2026-01-22,DET,MIN,OFF
2025020802,20252026,2,2026-01-23,VGK,TOR,OFF
2025020803,20252026,2,2026-01-23,TBL,CHI,OFF
2025020804,20252026,2,2026-01-23,STL,DAL,OFF
2025020805,20252026,2,2026-01-23,PHI,COL,OFF
2025020806,20252026,2,2026-01-23,WSH,CGY,OFF
2025020807,20252026,2,2026-01-23,NJD,VAN,OFF
2025020808,20252026,2,2026-01-23,NYR,SJS,OFF
2025020809,20252026,2,2026-01-23,ANA,SEA,OFF
2025020810,20252026,2,2026-01-24,BUF,NYI,OFF
2025020811,20252026,2,2026-01-24,UTA,NSH,OFF
2025020812,20252026,2,2026-01-24,MTL,BOS,OFF
2025020813,20252026,2,2026-01-24,CAR,OTT,OFF
2025020814,20252026,2,2026-01-24,TBL,CBJ,OFF
2025020815,20252026,2,2026-01-24,DET,WPG,OFF
2025020816,20252026,2,2026-01-24,LAK,STL,OFF
2025020817,20252026,2,2026-01-24,FLA,MIN,OFF
2025020818,20252026,2,2026-01-24,WSH,EDM,OFF
2025020819,20252026,2,2026-01-25,COL,TOR,OFF
2025020820,20252026,2,2026-01-25,NJD,SEA,OFF
2025020821,20252026,2,2026-01-25,VGK,OTT,OFF
2025020822,20252026,2,2026-01-25,PIT,VAN,OFF
2025020823,20252026,2,2026-01-25,FLA,CHI,OFF
2025020824,20252026,2,2026-01-25,ANA,CGY,OFF
2025020825,20252026,2,2026-01-26,UTA,TBL,OFF
2025020826,20252026,2,2026-01-26,BOS,NYR,OFF
2025020827,20252026,2,2026-01-26,NYI,PHI,OFF
2025020829,20252026,2,2026-01-26,ANA,EDM,OFF
2025020830,20252026,2,2026-01-27,NSH,BOS,OFF
2025020831,20252026,2,2026-01-27,BUF,TOR,OFF
2025020832,20252026,2,2026-01-27,VGK,MTL,OFF
2025020833,20252026,2,2026-01-27,LAK,DET,OFF
2025020834,20252026,2,2026-01-27,UTA,FLA,OFF
2025020835,20252026,2,2026-01-27,WPG,NJD,OFF
2025020836,20252026,2,2026-01-27,DAL,STL,OFF
2025020837,20252026,2,2026-01-27,CHI,MIN,OFF
2025020838,20252026,2,2026-01-27,SJS,VAN,OFF
2025020839,20252026,2,2026-01-27,WSH,SEA,OFF
2025020840,20252026,2,2026-01-28,PHI,CBJ,OFF
2025020841,20252026,2,2026-01-28,COL,OTT,OFF
2025020842,20252026,2,2026-01-28,NYR,NYI,OFF
2025020843,20252026,2,2026-01-29,PHI,BOS,OFF
2025020844,20252026,2,2026-01-29,LAK,BUF,OFF
2025020845,20252026,2,2026-01-29,COL,MTL,OFF
2025020846,20252026,2,2026-01-29,WSH,DET,OFF
2025020847,20252026,2,2026-01-29,WPG,TBL,OFF
2025020848,20252026,2,2026-01-29,NSH,NJD,OFF
2025020849,20252026,2,2026-01-29,NYI,NYR,OFF
2025020850,20252026,2,2026-01-29,CHI,PIT,OFF
2025020851,20252026,2,2026-01-29,UTA,CAR,OFF
2025020852,20252026,2,2026-01-29,FLA,STL,OFF
2025020853,20252026,2,2026-01-29,CGY,MIN,OFF
2025020854,20252026,2,2026-01-29,SJS,EDM,OFF
2025020855,20252026,2,2026-01-29,ANA,VAN,OFF
2025020856,20252026,2,2026-01-29,DAL,VGK,OFF
2025020857,20252026,2,2026-01-29,TOR,SEA,OFF
2025020858,20252026,2,2026-01-30,CBJ,CHI,OFF
2025020859,20252026,2,2026-01-31,LAK,PHI,OFF
2025020860,20252026,2,2026-01-31,COL,DET,OFF
2025020861,20252026,2,2026-01-31,NYR,PIT,OFF
2025020862,20252026,2,2026-01-31,WPG,FLA,OFF
2025020863,20252026,2,2026-01-31,SJS,CGY,OFF
2025020864,20252026,2,2026-01-31,CAR,WSH,OFF
2025020865,20252026,2,2026-01-31,MTL,BUF,OFF
2025020866,20252026,2,2026-01-31,NJD,OTT,OFF
2025020867,20252026,2,2026-01-31,NSH,NYI,OFF
2025020868,20252026,2,2026-01-31,CBJ,STL,OFF
2025020869,20252026,2,2026-01-31,TOR,VAN,OFF
2025020870,20252026,2,2026-01-31,DAL,UTA,OFF
2025020871,20252026,2,2026-01-31,MIN,EDM,OFF
2025020872,20252026,2,2026-01-31,SEA,VGK,OFF
2025020873,20252026,2,2026-02-01,BOS,TBL,OFF
2025020874,20252026,2,2026-02-01,LAK,CAR,OFF
2025020875,20252026,2,2026-02-01,VGK,ANA,OFF
2025020876,20252026,2,2026-02-02,BUF,FLA,OFF
2025020877,20252026,2,2026-02-02,OTT,PIT,OFF
2025020878,20252026,2,2026-02-02,NYI,WSH,OFF
2025020879,20252026,2,2026-02-02,MTL,MIN,OFF
2025020880,20252026,2,2026-02-02,STL,NSH,OFF
2025020881,20252026,2,2026-02-02,SJS,CHI,OFF
2025020882,20252026,2,2026-02-02,WPG,DAL,OFF
2025020883,20252026,2,2026-02-02,DET,COL,OFF
2025020884,20252026,2,2026-02-02,VAN,UTA,OFF
2025020885,20252026,2,2026-02-02,TOR,CGY,OFF
2025020886,20252026,2,2026-02-03,BUF,TBL,OFF
2025020887,20252026,2,2026-02-03,CBJ,NJD,OFF
2025020888,20252026,2,2026-02-03,PIT,NYI,OFF
2025020889,20252026,2,2026-02-03,WSH,PHI,OFF
2025020890,20252026,2,2026-02-03,OTT,CAR,OFF
2025020891,20252026,2,2026-02-03,TOR,EDM,OFF
2025020892,20252026,2,2026-02-03,SEA,ANA,OFF
2025020893,20252026,2,2026-02-04,BOS,FLA,OFF
2025020894,20252026,2,2026-02-04,CHI,CBJ,OFF
2025020895,20252026,2,2026-02-04,MTL,WPG,OFF
2025020896,20252026,2,2026-02-04,MIN,NSH,OFF
2025020897,20252026,2,2026-02-04,SJS,COL,OFF
2025020898,20252026,2,2026-02-04,DET,UTA,OFF
2025020899,20252026,2,2026-02-04,STL,DAL,OFF
2025020900,20252026,2,2026-02-04,EDM,CGY,OFF
2025020901,20252026,2,2026-02-04,VAN,VGK,OFF
2025020902,20252026,2,2026-02-04,SEA,LAK,OFF
2025020903,20252026,2,2026-02-05,PIT,BUF,OFF
2025020904,20252026,2,2026-02-05,FLA,TBL,OFF
2025020905,20252026,2,2026-02-05,NYI,NJD,OFF
2025020906,20252026,2,2026-02-05,CAR,NYR,OFF
2025020907,20252026,2,2026-02-05,OTT,PHI,OFF
2025020908,20252026,2,2026-02-05,NSH,WSH,OFF
2025020909,20252026,2,2026-02-05,LAK,VGK,OFF
2025020910,20252026,2,2026-02-25,BUF,NJD,OFF
2025020911,20252026,2,2026-02-25,PHI,WSH,OFF
2025020912,20252026,2,2026-02-25,TOR,TBL,OFF
2025020913,20252026,2,2026-02-25,SEA,DAL,OFF
2025020914,20252026,2,2026-02-25,COL,UTA,OFF
2025020915,20252026,2,2026-02-25,WPG,VAN,OFF
2025020916,20252026,2,2026-02-25,VGK,LAK,OFF
2025020917,20252026,2,2026-02-25,EDM,ANA,OFF
2025020918,20252026,2,2026-02-26,CBJ,BOS,OFF
2025020919,20252026,2,2026-02-26,NYI,MTL,OFF
2025020920,20252026,2,2026-02-26,DET,OTT,OFF
2025020921,20252026,2,2026-02-26,TOR,FLA,OFF
2025020922,20252026,2,2026-02-26,NJD,PIT,OFF
2025020923,20252026,2,2026-02-26,TBL,CAR,OFF
2025020924,20252026,2,2026-02-26,PHI,NYR,OFF
2025020925,20252026,2,2026-02-26,SEA,STL,OFF
2025020926,20252026,2,2026-02-26,CHI,NSH,OFF
2025020927,20252026,2,2026-02-26,MIN,COL,OFF
2025020928,20252026,2,2026-02-26,CGY,SJS,OFF
2025020929,20252026,2,2026-02-26,EDM,LAK,OFF
2025020930,20252026,2,2026-02-27,BUF,FLA,OFF
2025020931,20252026,2,2026-02-27,VGK,WSH,OFF
2025020932,20252026,2,2026-02-27,MIN,UTA,OFF
2025020933,20252026,2,2026-02-27,WPG,ANA,OFF
2025020934,20252026,2,2026-02-28,PIT,NYR,OFF
2025020935,20252026,2,2026-02-28,BOS,PHI,OFF
2025020936,20252026,2,2026-02-28,EDM,SJS,OFF
2025020937,20252026,2,2026-02-28,NYI,CBJ,OFF
2025020938,20252026,2,2026-02-28,CHI,COL,OFF
2025020939,20252026,2,2026-02-28,OTT,TOR,OFF
2025020940,20252026,2,2026-02-28,WSH,MTL,OFF
2025020941,20252026,2,2026-02-28,BUF,TBL,OFF
2025020942,20252026,2,2026-02-28,DET,CAR,OFF
2025020943,20252026,2,2026-02-28,NJD,STL,OFF
2025020944,20252026,2,2026-02-28,CGY,LAK,OFF
2025020945,20252026,2,2026-02-28,NSH,DAL,OFF
2025020946,20252026,2,2026-02-28,VAN,SEA,OFF
2025020947,20252026,2,2026-03-01,VGK,PIT,OFF
2025020948,20252026,2,2026-03-01,FLA,NYI,OFF
2025020949,20252026,2,2026-03-01,CHI,UTA,OFF
2025020950,20252026,2,2026-03-01,WPG,SJS,OFF
2025020951,20252026,2,2026-03-01,STL,MIN,OFF
2025020952,20252026,2,2026-03-01,CGY,ANA,OFF
2025020953,20252026,2,2026-03-02,CBJ,NYR,OFF
2025020954,20252026,2,2026-03-02,PHI,TOR,OFF
2025020955,20252026,2,2026-03-02,DET,NSH,OFF
2025020956,20252026,2,2026-03-02,DAL,VAN,OFF
2025020957,20252026,2,2026-03-02,CAR,SEA,OFF
2025020958,20252026,2,2026-03-02,COL,LAK,OFF
2025020959,20252026,2,2026-03-03,PIT,BOS,OFF
2025020960,20252026,2,2026-03-03,VGK,BUF,OFF
2025020961,20252026,2,2026-03-03,FLA,NJD,OFF
2025020962,20252026,2,2026-03-03,UTA,WSH,OFF
2025020963,20252026,2,2026-03-03,NSH,CBJ,OFF
2025020964,20252026,2,2026-03-03,CHI,WPG,OFF
2025020965,20252026,2,2026-03-03,DAL,CGY,OFF
2025020966,20252026,2,2026-03-03,OTT,EDM,OFF
2025020967,20252026,2,2026-03-03,TBL,MIN,OFF
2025020968,20252026,2,2026-03-03,COL,ANA,OFF
2025020969,20252026,2,2026-03-03,MTL,SJS,OFF
2025020970,20252026,2,2026-03-04,VGK,DET,OFF
2025020971,20252026,2,2026-03-04,TOR,NJD,OFF
2025020972,20252026,2,2026-03-04,CAR,VAN,OFF
2025020973,20252026,2,2026-03-04,NYI,ANA,OFF
2025020974,20252026,2,2026-03-04,STL,SEA,OFF
2025020975,20252026,2,2026-03-05,TOR,NYR,OFF
2025020976,20252026,2,2026-03-05,UTA,PHI,OFF
2025020977,20252026,2,2026-03-05,BUF,PIT,OFF
2025020978,20252026,2,2026-03-05,FLA,CBJ,OFF
2025020979,20252026,2,2026-03-05,BOS,NSH,OFF
2025020980,20252026,2,2026-03-05,TBL,WPG,OFF
2025020981,20252026,2,2026-03-05,OTT,CGY,OFF
2025020982,20252026,2,2026-03-05,NYI,LAK,OFF
2025020983,20252026,2,2026-03-06,FLA,DET,OFF
2025020984,20252026,2,2026-03-06,COL,DAL,OFF
2025020985,20252026,2,2026-03-06,VAN,CHI,OFF
2025020986,20252026,2,2026-03-06,CAR,EDM,OFF
2025020987,20252026,2,2026-03-06,MTL,ANA,OFF
2025020988,20252026,2,2026-03-06,MIN,VGK,OFF
2025020989,20252026,2,2026-03-06,STL,SJS,OFF
2025020990,20252026,2,2026-03-07,WSH,BOS,OFF
2025020991,20252026,2,2026-03-07,NYR,NJD,OFF
2025020992,20252026,2,2026-03-07,NSH,BUF,OFF
2025020993,20252026,2,2026-03-07,PHI,PIT,OFF
2025020994,20252026,2,2026-03-07,TBL,TOR,OFF
2025020995,20252026,2,2026-03-07,UTA,CBJ,OFF
2025020996,20252026,2,2026-03-07,VAN,WPG,OFF
2025020997,20252026,2,2026-03-07,MTL,LAK,OFF
2025020998,20252026,2,2026-03-07,CAR,CGY,OFF
2025020999,20252026,2,2026-03-07,NYI,SJS,OFF
2025021000,20252026,2,2026-03-07,OTT,SEA,OFF
2025021001,20252026,2,2026-03-08,MIN,COL,OFF
2025021002,20252026,2,2026-03-08,BOS,PIT,OFF
2025021003,20252026,2,2026-03-08,TBL,BUF,OFF
2025021004,20252026,2,2026-03-08,CHI,DAL,OFF
2025021005,20252026,2,2026-03-08,DET,NJD,OFF
2025021006,20252026,2,2026-03-08,STL,ANA,OFF
2025021007,20252026,2,2026-03-08,EDM,VGK,OFF
2025020828,20252026,2,2026-03-09,LAK,CBJ,OFF
2025021008,20252026,2,2026-03-09,NYR,PHI,OFF
2025021009,20252026,2,2026-03-09,CGY,WSH,OFF
2025021010,20252026,2,2026-03-09,UTA,CHI,OFF
2025021011,20252026,2,2026-03-09,OTT,VAN,OFF
2025021012,20252026,2,2026-03-10,LAK,BOS,OFF
2025021013,20252026,2,2026-03-10,SJS,BUF,OFF
2025021014,20252026,2,2026-03-10,TOR,MTL,OFF
2025021015,20252026,2,2026-03-10,CBJ,TBL,OFF
2025021016,20252026,2,2026-03-10,DET,FLA,OFF
2025021017,20252026,2,2026-03-10,CGY,NYR,OFF
2025021018,20252026,2,2026-03-10,PIT,CAR,OFF
2025021019,20252026,2,2026-03-10,NYI,STL,OFF
2025021020,20252026,2,2026-03-10,VGK,DAL,OFF
2025021021,20252026,2,2026-03-10,UTA,MIN,OFF
2025021022,20252026,2,2026-03-10,ANA,WPG,OFF
2025021023,20252026,2,2026-03-10,EDM,COL,OFF
2025021024,20252026,2,2026-03-10,NSH,SEA,OFF
2025021025,20252026,2,2026-03-11,MTL,OTT,OFF
2025021026,20252026,2,2026-03-11,WSH,PHI,OFF
2025021027,20252026,2,2026-03-12,SJS,BOS,OFF
2025021028,20252026,2,2026-03-12,WSH,BUF,OFF
2025021029,20252026,2,2026-03-12,ANA,TOR,OFF
2025021030,20252026,2,2026-03-12,DET,TBL,OFF
2025021031,20252026,2,2026-03-12,CBJ,FLA,OFF
2025021032,20252026,2,2026-03-12,CGY,NJD,OFF
2025021033,20252026,2,2026-03-12,STL,CAR,OFF
2025021034,20252026,2,2026-03-12,EDM,DAL,OFF
2025021035,20252026,2,2026-03-12,PHI,MIN,OFF
2025021036,20252026,2,2026-03-12,NYR,WPG,OFF
2025021037,20252026,2,2026-03-12,CHI,UTA,OFF
2025021038,20252026,2,2026-03-12,NSH,VAN,OFF
2025021039,20252026,2,2026-03-12,PIT,VGK,OFF
2025021040,20252026,2,2026-03-12,COL,SEA,OFF
2025021041,20252026,2,2026-03-13,LAK,NYI,OFF
2025021042,20252026,2,2026-03-13,EDM,STL,OFF
2025021043,20252026,2,2026-03-14,ANA,OTT,OFF
2025021044,20252026,2,2026-03-14,BOS,WSH,OFF
2025021045,20252026,2,2026-03-14,COL,WPG,OFF
2025021046,20252026,2,2026-03-14,NYR,MIN,OFF
2025021047,20252026,2,2026-03-14,TOR,BUF,OFF
2025021048,20252026,2,2026-03-14,SJS,MTL,OFF
2025021049,20252026,2,2026-03-14,CAR,TBL,OFF
2025021050,20252026,2,2026-03-14,LAK,NJD,OFF
2025021051,20252026,2,2026-03-14,CGY,NYI,OFF
2025021052,20252026,2,2026-03-14,CBJ,PHI,OFF
2025021053,20252026,2,2026-03-14,DET,DAL,OFF
2025021054,20252026,2,2026-03-14,PIT,UTA,OFF
2025021055,20252026,2,2026-03-14,SEA,VAN,OFF
2025021056,20252026,2,2026-03-14,CHI,VGK,OFF
2025021057,20252026,2,2026-03-15,STL,WPG,OFF
2025021058,20252026,2,2026-03-15,SJS,OTT,OFF
2025021059,20252026,2,2026-03-15,ANA,MTL,OFF
2025021060,20252026,2,2026-03-15,TOR,MIN,OFF
2025021061,20252026,2,2026-03-15,NSH,EDM,OFF
2025021062,20252026,2,2026-03-15,FLA,SEA,OFF
2025021063,20252026,2,2026-03-16,CGY,DET,OFF
2025021064,20252026,2,2026-03-16,BOS,NJD,OFF
2025021065,20252026,2,2026-03-16,LAK,NYR,OFF
2025021066,20252026,2,2026-03-16,UTA,DAL,OFF
2025021067,20252026,2,2026-03-16,PIT,COL,OFF
2025021068,20252026,2,2026-03-17,NYI,TOR,OFF
2025021069,20252026,2,2026-03-17,BOS,MTL,OFF
2025021070,20252026,2,2026-03-17,CAR,CBJ,OFF
2025021071,20252026,2,2026-03-17,NSH,WPG,OFF
2025021072,20252026,2,2026-03-17,MIN,CHI,OFF
2025021073,20252026,2,2026-03-17,SJS,EDM,OFF
2025021074,20252026,2,2026-03-17,FLA,VAN,OFF
2025021075,20252026,2,2026-03-17,BUF,VGK,OFF
2025021076,20252026,2,2026-03-17,TBL,SEA,OFF
2025021077,20252026,2,2026-03-18,NJD,NYR,OFF
2025021078,20252026,2,2026-03-18,PIT,CAR,OFF
2025021079,20252026,2,2026-03-18,OTT,WSH,OFF
2025021080,20252026,2,2026-03-18,DAL,COL,OFF
2025021081,20252026,2,2026-03-18,STL,CGY,OFF
2025021082,20252026,2,2026-03-18,PHI,ANA,OFF
2025021083,20252026,2,2026-03-19,WPG,BOS,OFF
2025021084,20252026,2,2026-03-19,NYI,OTT,OFF
2025021085,20252026,2,2026-03-19,MTL,DET,OFF
2025021086,20252026,2,2026-03-19,NYR,CBJ,OFF
2025021087,20252026,2,2026-03-19,SEA,NSH,OFF
2025021088,20252026,2,2026-03-19,CHI,MIN,OFF
2025021089,20252026,2,2026-03-19,FLA,EDM,OFF
2025021090,20252026,2,2026-03-19,TBL,VAN,OFF
2025021091,20252026,2,2026-03-19,UTA,VGK,OFF
2025021092,20252026,2,2026-03-19,BUF,SJS,OFF
2025021093,20252026,2,2026-03-19,PHI,LAK,OFF
2025021094,20252026,2,2026-03-20,CAR,TOR,OFF
2025021095,20252026,2,2026-03-20,NJD,WSH,OFF
2025021096,20252026,2,2026-03-20,COL,CHI,OFF
2025021097,20252026,2,2026-03-20,FLA,CGY,OFF
2025021098,20252026,2,2026-03-20,ANA,UTA,OFF
2025021099,20252026,2,2026-03-21,WPG,PIT,OFF
2025021100,20252026,2,2026-03-21,VGK,NSH,OFF
2025021101,20252026,2,2026-03-21,DAL,MIN,OFF
2025021102,20252026,2,2026-03-21,BUF,LAK,OFF
2025021103,20252026,2,2026-03-21,PHI,SJS,OFF
2025021104,20252026,2,2026-03-21,SEA,CBJ,OFF
2025021105,20252026,2,2026-03-21,NYI,MTL,OFF
2025021106,20252026,2,2026-03-21,TOR,OTT,OFF
2025021107,20252026,2,2026-03-21,STL,VAN,OFF
2025021108,20252026,2,2026-03-21,BOS,DET,OFF
2025021109,20252026,2,2026-03-21,TBL,EDM,OFF
2025021110,20252026,2,2026-03-22,WPG,NYR,OFF
2025021111,20252026,2,2026-03-22,COL,WSH,OFF
2025021112,20252026,2,2026-03-22,CAR,PIT,OFF
2025021113,20252026,2,2026-03-22,NSH,CHI,OFF
2025021114,20252026,2,2026-03-22,CBJ,NYI,OFF
2025021115,20252026,2,2026-03-22,VGK,DAL,OFF
2025021116,20252026,2,2026-03-22,TBL,CGY,OFF
2025021117,20252026,2,2026-03-22,BUF,ANA,OFF
2025021118,20252026,2,2026-03-22,LAK,UTA,OFF
2025021119,20252026,2,2026-03-23,OTT,NYR,OFF
2025021120,20252026,2,2026-03-24,TOR,BOS,OFF
2025021121,20252026,2,2026-03-24,CAR,MTL,OFF
2025021122,20252026,2,2026-03-24,OTT,DET,OFF
2025021123,20252026,2,2026-03-24,SEA,FLA,OFF
2025021124,20252026,2,2026-03-24,CHI,NYI,OFF
2025021125,20252026,2,2026-03-24,CBJ,PHI,OFF
2025021126,20252026,2,2026-03-24,COL,PIT,OFF
2025021127,20252026,2,2026-03-24,MIN,TBL,OFF
2025021128,20252026,2,2026-03-24,WSH,STL,OFF
2025021129,20252026,2,2026-03-24,SJS,NSH,OFF
2025021130,20252026,2,2026-03-24,NJD,DAL,OFF
2025021131,20252026,2,2026-03-24,VGK,WPG,OFF
2025021132,20252026,2,2026-03-24,EDM,UTA,OFF
2025021133,20252026,2,2026-03-24,LAK,CGY,OFF
2025021134,20252026,2,2026-03-24,ANA,VAN,OFF
2025021135,20252026,2,2026-03-25,BOS,BUF,OFF
2025021136,20252026,2,2026-03-25,NYR,TOR,OFF
2025021137,20252026,2,2026-03-26,CBJ,MTL,OFF
2025021138,20252026,2,2026-03-26,PIT,OTT,OFF
2025021139,20252026,2,2026-03-26,SEA,TBL,OFF
2025021140,20252026,2,2026-03-26,MIN,FLA,OFF
2025021141,20252026,2,2026-03-26,DAL,NYI,OFF
2025021142,20252026,2,2026-03-26,CHI,PHI,OFF
2025021143,20252026,2,2026-03-26,SJS,STL,OFF
2025021144,20252026,2,2026-03-26,NJD,NSH,OFF
2025021145,20252026,2,2026-03-26,COL,WPG,OFF
2025021146,20252026,2,2026-03-26,WSH,UTA,OFF
2025021147,20252026,2,2026-03-26,ANA,CGY,OFF
2025021148,20252026,2,2026-03-26,EDM,VGK,OFF
2025021149,20252026,2,2026-03-26,LAK,VAN,OFF
2025021150,20252026,2,2026-03-27,DET,BUF,OFF
2025021151,20252026,2,2026-03-27,CHI,NYR,OFF
2025021152,20252026,2,2026-03-28,OTT,TBL,OFF
2025021153,20252026,2,2026-03-28,FLA,NYI,OFF
2025021154,20252026,2,2026-03-28,ANA,EDM,OFF
2025021155,20252026,2,2026-03-28,MIN,BOS,OFF
2025021156,20252026,2,2026-03-28,DAL,PIT,OFF
2025021157,20252026,2,2026-03-28,NJD,CAR,OFF
2025021158,20252026,2,2026-03-28,SJS,CBJ,OFF
2025021159,20252026,2,2026-03-28,SEA,BUF,OFF
2025021160,20252026,2,2026-03-28,TOR,STL,OFF
2025021161,20252026,2,2026-03-28,MTL,NSH,OFF
2025021162,20252026,2,2026-03-28,WPG,COL,OFF
2025021163,20252026,2,2026-03-28,PHI,DET,OFF
2025021164,20252026,2,2026-03-28,UTA,LAK,OFF
2025021165,20252026,2,2026-03-28,VAN,CGY,OFF
2025021166,20252026,2,2026-03-28,WSH,VGK,OFF
2025021167,20252026,2,2026-03-29,FLA,NYR,OFF
2025021168,20252026,2,2026-03-29,NSH,TBL,OFF
2025021169,20252026,2,2026-03-29,MTL,CAR,OFF
2025021170,20252026,2,2026-03-29,BOS,CBJ,OFF
2025021171,20252026,2,2026-03-29,CHI,NJD,OFF
2025021172,20252026,2,2026-03-29,DAL,PHI,OFF
2025021173,20252026,2,2026-03-30,PIT,NYI,OFF
2025021174,20252026,2,2026-03-30,CGY,COL,OFF
2025021175,20252026,2,2026-03-30,VAN,VGK,OFF
2025021176,20252026,2,2026-03-30,TOR,ANA,OFF
2025021177,20252026,2,2026-03-30,STL,SJS,OFF
2025021178,20252026,2,2026-03-31,DAL,BOS,OFF
2025021179,20252026,2,2026-03-31,NYI,BUF,OFF
2025021180,20252026,2,2026-03-31,MTL,TBL,OFF
2025021181,20252026,2,2026-03-31,OTT,FLA,OFF
2025021182,20252026,2,2026-03-31,NJD,NYR,OFF
2025021183,20252026,2,2026-03-31,DET,PIT,OFF
2025021184,20252026,2,2026-03-31,PHI,WSH,OFF
2025021185,20252026,2,2026-03-31,CAR,CBJ,OFF
2025021186,20252026,2,2026-03-31,WPG,CHI,OFF
2025021187,20252026,2,2026-03-31,SEA,EDM,OFF
2025021188,20252026,2,2026-04-01,VAN,COL,OFF
2025021189,20252026,2,2026-04-01,STL,LAK,OFF
2025021190,20252026,2,2026-04-01,ANA,SJS,OFF
2025021191,20252026,2,2026-04-02,BUF,OTT,OFF
2025021192,20252026,2,2026-04-02,PIT,TBL,OFF
2025021193,20252026,2,2026-04-02,BOS,FLA,OFF
2025021194,20252026,2,2026-04-02,WSH,NJD,OFF
2025021195,20252026,2,2026-04-02,MTL,NYR,OFF
2025021196,20252026,2,2026-04-02,DET,PHI,OFF
2025021197,20252026,2,2026-04-02,CBJ,CAR,OFF
2025021198,20252026,2,2026-04-02,WPG,DAL,OFF
2025021199,20252026,2,2026-04-02,VAN,MIN,OFF
2025021200,20252026,2,2026-04-02,CHI,EDM,OFF
2025021201,20252026,2,2026-04-02,CGY,VGK,OFF
2025021202,20252026,2,2026-04-02,TOR,SJS,OFF
2025021203,20252026,2,2026-04-02,UTA,SEA,OFF
2025021204,20252026,2,2026-04-02,NSH,LAK,OFF
2025021205,20252026,2,2026-04-03,PHI,NYI,OFF
2025021206,20252026,2,2026-04-03,STL,ANA,OFF
2025021207,20252026,2,2026-04-04,DET,NYR,OFF
2025021208,20252026,2,2026-04-04,MIN,OTT,OFF
2025021209,20252026,2,2026-04-04,COL,DAL,OFF
2025021210,20252026,2,2026-04-04,BOS,TBL,OFF
2025021211,20252026,2,2026-04-04,FLA,PIT,OFF
2025021212,20252026,2,2026-04-04,MTL,NJD,OFF
2025021213,20252026,2,2026-04-04,BUF,WSH,OFF
2025021214,20252026,2,2026-04-04,NYI,CAR,OFF
2025021215,20252026,2,2026-04-04,WPG,CBJ,OFF
2025021216,20252026,2,2026-04-04,UTA,VAN,OFF
2025021217,20252026,2,2026-04-04,TOR,LAK,OFF
2025021218,20252026,2,2026-04-04,VGK,EDM,OFF
2025021219,20252026,2,2026-04-04,CGY,ANA,OFF
2025021220,20252026,2,2026-04-04,NSH,SJS,OFF
2025021221,20252026,2,2026-04-04,CHI,SEA,OFF
2025021222,20252026,2,2026-04-05,MIN,DET,OFF
2025021223,20252026,2,2026-04-05,FLA,PIT,OFF
2025021224,20252026,2,2026-04-05,BOS,PHI,OFF
2025021225,20252026,2,2026-04-05,CAR,OTT,OFF
2025021226,20252026,2,2026-04-05,NJD,MTL,OFF
2025021227,20252026,2,2026-04-05,WSH,NYR,OFF
2025021228,20252026,2,2026-04-05,STL,COL,OFF
2025021229,20252026,2,2026-04-06,TBL,BUF,OFF
2025021230,20252026,2,2026-04-06,SEA,WPG,OFF
2025021231,20252026,2,2026-04-06,CHI,SJS,OFF
2025021232,20252026,2,2026-04-06,NSH,LAK,OFF
2025021233,20252026,2,2026-04-07,FLA,MTL,OFF
2025021234,20252026,2,2026-04-07,TBL,OTT,OFF
2025021235,20252026,2,2026-04-07,CBJ,DET,OFF
2025021236,20252026,2,2026-04-07,PHI,NJD,OFF
2025021237,20252026,2,2026-04-07,BOS,CAR,OFF
2025021238,20252026,2,2026-04-07,COL,STL,OFF
2025021239,20252026,2,2026-04-07,CGY,DAL,OFF
2025021240,20252026,2,2026-04-07,SEA,MIN,OFF
2025021241,20252026,2,2026-04-07,EDM,UTA,OFF
2025021242,20252026,2,2026-04-07,VGK,VAN,OFF
2025021243,20252026,2,2026-04-07,NSH,ANA,OFF
2025021244,20252026,2,2026-04-08,BUF,NYR,OFF
2025021245,20252026,2,2026-04-08,WSH,TOR,OFF
2025021246,20252026,2,2026-04-08,EDM,SJS,OFF
2025021247,20252026,2,2026-04-09,CBJ,BUF,OFF
2025021248,20252026,2,2026-04-09,TBL,MTL,OFF
2025021249,20252026,2,2026-04-09,FLA,OTT,OFF
2025021250,20252026,2,2026-04-09,PHI,DET,OFF
2025021251,20252026,2,2026-04-09,PIT,NJD,OFF
2025021252,20252026,2,2026-04-09,TOR,NYI,OFF
2025021253,20252026,2,2026-04-09,WPG,STL,OFF
2025021254,20252026,2,2026-04-09,MIN,DAL,OFF
2025021255,20252026,2,2026-04-09,CAR,CHI,OFF
2025021256,20252026,2,2026-04-09,CGY,COL,OFF
2025021257,20252026,2,2026-04-09,NSH,UTA,OFF
2025021258,20252026,2,2026-04-09,SJS,ANA,OFF
2025021259,20252026,2,2026-04-09,VGK,SEA,OFF
2025021260,20252026,2,2026-04-09,VAN,LAK,OFF
2025021261,20252026,2,2026-04-11,TBL,BOS,OFF
2025021262,20252026,2,2026-04-11,OTT,NYI,OFF
2025021263,20252026,2,2026-04-11,WSH,PIT,OFF
2025021264,20252026,2,2026-04-11,EDM,LAK,OFF
2025021265,20252026,2,2026-04-11,NJD,DET,OFF
2025021266,20252026,2,2026-04-11,STL,CHI,OFF
2025021267,20252026,2,2026-04-11,MIN,NSH,OFF
2025021268,20252026,2,2026-04-11,NYR,DAL,OFF
2025021269,20252026,2,2026-04-11,CAR,UTA,OFF
2025021270,20252026,2,2026-04-11,FLA,TOR,OFF
2025021271,20252026,2,2026-04-11,CBJ,MTL,OFF
2025021272,20252026,2,2026-04-11,PHI,WPG,OFF
2025021273,20252026,2,2026-04-11,CGY,SEA,OFF
2025021274,20252026,2,2026-04-11,VGK,COL,OFF
2025021275,20252026,2,2026-04-11,VAN,SJS,OFF
2025021276,20252026,2,2026-04-12,PIT,WSH,OFF
2025021277,20252026,2,2026-04-12,MTL,NYI,OFF
2025021278,20252026,2,2026-04-12,BOS,CBJ,OFF
2025021279,20252026,2,2026-04-12,OTT,NJD,OFF
2025021280,20252026,2,2026-04-12,VAN,ANA,OFF
2025021281,20252026,2,2026-04-12,UTA,CGY,OFF
2025021282,20252026,2,2026-04-13,DET,TBL,OFF
2025021283,20252026,2,2026-04-13,NYR,FLA,OFF
2025021284,20252026,2,2026-04-13,CAR,PHI,OFF
2025021285,20252026,2,2026-04-13,DAL,TOR,OFF
2025021286,20252026,2,2026-04-13,MIN,STL,OFF
2025021287,20252026,2,2026-04-13,SJS,NSH,OFF
2025021288,20252026,2,2026-04-13,BUF,CHI,OFF
2025021289,20252026,2,2026-04-13,COL,EDM,OFF
2025021290,20252026,2,2026-04-13,WPG,VGK,OFF
2025021291,20252026,2,2026-04-13,LAK,SEA,OFF
2025021292,20252026,2,2026-04-14,NJD,BOS,OFF
2025021293,20252026,2,2026-04-14,CAR,NYI,OFF
2025021294,20252026,2,2026-04-14,MTL,PHI,OFF
2025021295,20252026,2,2026-04-14,WSH,CBJ,OFF
2025021296,20252026,2,2026-04-14,ANA,MIN,OFF
2025021297,20252026,2,2026-04-14,WPG,UTA,OFF
2025021298,20252026,2,2026-04-14,COL,CGY,OFF
2025021299,20252026,2,2026-04-14,PIT,STL,OFF
2025021300,20252026,2,2026-04-14,LAK,VAN,OFF
2025021301,20252026,2,2026-04-15,DAL,BUF,OFF
2025021302,20252026,2,2026-04-15,NYR,TBL,OFF
2025021303,20252026,2,2026-04-15,DET,FLA,OFF
2025021304,20252026,2,2026-04-15,TOR,OTT,OFF
2025021305,20252026,2,2026-04-15,SJS,CHI,OFF
2025021306,20252026,2,2026-04-15,SEA,VGK,OFF
2025021307,20252026,2,2026-04-16,ANA,NSH,OFF
2025021308,20252026,2,2026-04-16,SJS,WPG,OFF
2025021309,20252026,2,2026-04-16,STL,UTA,OFF
2025021310,20252026,2,2026-04-16,LAK,CGY,OFF
2025021311,20252026,2,2026-04-16,VAN,EDM,OFF
2025021312,20252026,2,2026-04-16,SEA,COL,OFF
2025030131,20252026,3,2026-04-18,OTT,CAR,OFF
2025030141,20252026,3,2026-04-18,PHI,PIT,OFF
2025030161,20252026,3,2026-04-18,MIN,DAL,OFF
2025030111,20252026,3,2026-04-19,BOS,BUF,OFF
2025030121,20252026,3,2026-04-19,MTL,TBL,OFF
2025030151,20252026,3,2026-04-19,LAK,COL,OFF
2025030171,20252026,3,2026-04-19,UTA,VGK,OFF
2025030132,20252026,3,2026-04-20,OTT,CAR,OFF
2025030142,20252026,3,2026-04-20,PHI,PIT,OFF
2025030162,20252026,3,2026-04-20,MIN,DAL,OFF
2025030181,20252026,3,2026-04-20,ANA,EDM,OFF
2025030112,20252026,3,2026-04-21,BOS,BUF,OFF
2025030122,20252026,3,2026-04-21,MTL,TBL,OFF
2025030152,20252026,3,2026-04-21,LAK,COL,OFF
2025030172,20252026,3,2026-04-21,UTA,VGK,OFF
2025030143,20252026,3,2026-04-22,PIT,PHI,OFF
2025030163,20252026,3,2026-04-22,DAL,MIN,OFF
2025030182,20252026,3,2026-04-22,ANA,EDM,OFF
2025030113,20252026,3,2026-04-23,BUF,BOS,OFF
2025030133,20252026,3,2026-04-23,CAR,OTT,OFF
2025030153,20252026,3,2026-04-23,COL,LAK,OFF
2025030123,20252026,3,2026-04-24,TBL,MTL,OFF
2025030173,20252026,3,2026-04-24,VGK,UTA,OFF
2025030183,20252026,3,2026-04-24,EDM,ANA,OFF
2025030134,20252026,3,2026-04-25,CAR,OTT,OFF
2025030144,20252026,3,2026-04-25,PIT,PHI,OFF
2025030164,20252026,3,2026-04-25,DAL,MIN,OFF
2025030114,20252026,3,2026-04-26,BUF,BOS,OFF
2025030124,20252026,3,2026-04-26,TBL,MTL,OFF
2025030154,20252026,3,2026-04-26,COL,LAK,OFF
2025030184,20252026,3,2026-04-26,EDM,ANA,OFF
2025030145,20252026,3,2026-04-27,PHI,PIT,OFF
2025030174,20252026,3,2026-04-27,VGK,UTA,OFF
2025030115,20252026,3,2026-04-28,BOS,BUF,OFF
2025030165,20252026,3,2026-04-28,MIN,DAL,OFF
2025030185,20252026,3,2026-04-28,ANA,EDM,OFF
2025030125,20252026,3,2026-04-29,MTL,TBL,OFF
2025030146,20252026,3,2026-04-29,PIT,PHI,OFF
2025030175,20252026,3,2026-04-29,UTA,VGK,OFF
2025030166,20252026,3,2026-04-30,DAL,MIN,OFF
2025030186,20252026,3,2026-04-30,EDM,ANA,OFF
2025030116,20252026,3,2026-05-01,BUF,BOS,OFF
2025030126,20252026,3,2026-05-01,TBL,MTL,OFF
2025030176,20252026,3,2026-05-01,VGK,UTA,OFF
2025030221,20252026,3,2026-05-02,PHI,CAR,OFF
2025030127,20252026,3,2026-05-03,MTL,TBL,OFF
2025030231,20252026,3,2026-05-03,MIN,COL,OFF
2025030222,20252026,3,2026-05-04,PHI,CAR,OFF
2025030241,20252026,3,2026-05-04,ANA,VGK,OFF
2025030232,20252026,3,2026-05-05,MIN,COL,OFF
2025030211,20252026,3,2026-05-06,MTL,BUF,OFF
2025030242,20252026,3,2026-05-06,ANA,VGK,OFF
2025030223,20252026,3,2026-05-07,CAR,PHI,OFF
2025030212,20252026,3,2026-05-08,MTL,BUF,OFF
2025030243,20252026,3,2026-05-08,VGK,ANA,OFF
2025030224,20252026,3,2026-05-09,CAR,PHI,OFF
2025030233,20252026,3,2026-05-09,COL,MIN,OFF
2025030213,20252026,3,2026-05-10,BUF,MTL,OFF
2025030244,20252026,3,2026-05-10,VGK,ANA,OFF
2025030234,20252026,3,2026-05-11,COL,MIN,OFF
2025030214,20252026,3,2026-05-12,BUF,MTL,OFF
2025030245,20252026,3,2026-05-12,ANA,VGK,OFF
2025030235,20252026,3,2026-05-13,MIN,COL,OFF
2025030215,20252026,3,2026-05-14,MTL,BUF,OFF
2025030246,20252026,3,2026-05-14,VGK,ANA,OFF
2025030216,20252026,3,2026-05-16,BUF,MTL,OFF
2025030217,20252026,3,2026-05-18,MTL,BUF,OFF
2025030321,20252026,3,2026-05-20,VGK,COL,OFF
2025030311,20252026,3,2026-05-21,MTL,CAR,OFF
2025030322,20252026,3,2026-05-22,VGK,COL,OFF
2025030312,20252026,3,2026-05-23,MTL,CAR,OFF
2025030323,20252026,3,2026-05-24,COL,VGK,OFF
2025030313,20252026,3,2026-05-25,CAR,MTL,OFF
2025030324,20252026,3,2026-05-26,COL,VGK,OFF
2025030314,20252026,3,2026-05-27,CAR,MTL,OFF
2025030315,20252026,3,2026-05-29,MTL,CAR,OFF
2025030411,20252026,3,2026-06-02,VGK,CAR,OFF
2025030412,20252026,3,2026-06-04,VGK,CAR,OFF
2025030413,20252026,3,2026-06-06,CAR,VGK,OFF
2025030414,20252026,3,2026-06-09,CAR,VGK,OFF
2025030415,20252026,3,2026-06-11,VGK,CAR,OFF
2025030416,20252026,3,2026-06-14,CAR,VGK,OFF
2026020001,20262027,2,2026-09-29,FLA,CAR,FUT
2026020002,20262027,2,2026-09-29,MTL,TOR,FUT
2026020003,20262027,2,2026-09-29,NYR,BOS,FUT
2026020004,20262027,2,2026-09-29,VAN,EDM,FUT
2026020005,20262027,2,2026-09-29,CHI,VGK,FUT
2026020006,20262027,2,2026-09-30,PIT,PHI,FUT
2026020007,20262027,2,2026-09-30,LAK,COL,FUT
2026020008,20262027,2,2026-09-30,NYI,TOR,FUT
2026020009,20262027,2,2026-10-01,PHI,NJD,FUT
2026020010,20262027,2,2026-10-01,TBL,NYR,FUT
2026020011,20262027,2,2026-10-01,BUF,CBJ,FUT
2026020012,20262027,2,2026-10-01,MIN,NSH,FUT
2026020013,20262027,2,2026-10-01,CHI,UTA,FUT
2026020014,20262027,2,2026-10-01,SEA,CGY,FUT
2026020015,20262027,2,2026-10-01,EDM,VAN,FUT
2026020016,20262027,2,2026-10-01,FLA,SJS,FUT
2026020017,20262027,2,2026-10-02,NYR,DET,FUT
2026020018,20262027,2,2026-10-02,WSH,CAR,FUT
2026020019,20262027,2,2026-10-02,BOS,WPG,FUT
2026020020,20262027,2,2026-10-02,STL,DAL,FUT
2026020021,20262027,2,2026-10-02,ANA,VGK,FUT
2026020022,20262027,2,2026-10-03,CHI,BUF,FUT
2026020023,20262027,2,2026-10-03,OTT,TOR,FUT
2026020024,20262027,2,2026-10-03,WSH,TBL,FUT
2026020025,20262027,2,2026-10-03,CAR,PHI,FUT
2026020026,20262027,2,2026-10-03,MTL,PIT,FUT
2026020027,20262027,2,2026-10-03,UTA,CBJ,FUT
2026020028,20262027,2,2026-10-03,SEA,EDM,FUT
2026020029,20262027,2,2026-10-03,NJD,NYI,FUT
2026020030,20262027,2,2026-10-03,DAL,NSH,FUT
2026020031,20262027,2,2026-10-03,BOS,MIN,FUT
2026020032,20262027,2,2026-10-03,STL,COL,FUT
2026020033,20262027,2,2026-10-03,CGY,VAN,FUT
2026020034,20262027,2,2026-10-03,LAK,SJS,FUT
2026020035,20262027,2,2026-10-04,WPG,DET,FUT
2026020036,20262027,2,2026-10-04,UTA,NYR,FUT
2026020037,20262027,2,2026-10-04,FLA,ANA,FUT
2026020038,20262027,2,2026-10-04,CGY,SEA,FUT
2026020039,20262027,2,2026-10-04,VGK,VAN,FUT
2026020040,20262027,2,2026-10-05,PHI,TBL,FUT
2026020041,20262027,2,2026-10-05,OTT,BOS,FUT
2026020042,20262027,2,2026-10-05,WPG,PIT,FUT
2026020043,20262027,2,2026-10-05,SJS,DAL,FUT
2026020044,20262027,2,2026-10-06,NSH,TOR,FUT
2026020045,20262027,2,2026-10-06,CAR,MTL,FUT
2026020046,20262027,2,2026-10-06,OTT,DET,FUT
2026020047,20262027,2,2026-10-06,UTA,NJD,FUT
2026020048,20262027,2,2026-10-06,NYI,NYR,FUT
2026020049,20262027,2,2026-10-06,MIN,BUF,FUT
2026020050,20262027,2,2026-10-06,STL,CHI,FUT
2026020051,20262027,2,2026-10-06,VGK,SEA,FUT
2026020052,20262027,2,2026-10-06,FLA,LAK,FUT
2026020053,20262027,2,2026-10-07,PIT,WSH,FUT
2026020054,20262027,2,2026-10-07,COL,WPG,FUT
2026020055,20262027,2,2026-10-07,EDM,ANA,FUT
2026020056,20262027,2,2026-10-08,UTA,BOS,FUT
2026020057,20262027,2,2026-10-08,DAL,BUF,FUT
2026020058,20262027,2,2026-10-08,NSH,MTL,FUT
2026020059,20262027,2,2026-10-08,PHI,OTT,FUT
2026020060,20262027,2,2026-10-08,MIN,TBL,FUT
2026020061,20262027,2,2026-10-08,VAN,CAR,FUT
2026020062,20262027,2,2026-10-08,CHI,NYI,FUT
2026020063,20262027,2,2026-10-08,SJS,STL,FUT
2026020064,20262027,2,2026-10-08,COL,CGY,FUT
2026020065,20262027,2,2026-10-08,TOR,VGK,FUT
2026020066,20262027,2,2026-10-09,SEA,DET,FUT
2026020067,20262027,2,2026-10-09,NYR,WSH,FUT
2026020068,20262027,2,2026-10-09,PIT,CBJ,FUT
2026020069,20262027,2,2026-10-09,ANA,WPG,FUT
2026020070,20262027,2,2026-10-10,PHI,BOS,FUT
2026020071,20262027,2,2026-10-10,VAN,NJD,FUT
2026020072,20262027,2,2026-10-10,EDM,SJS,FUT
2026020073,20262027,2,2026-10-10,MIN,FLA,FUT
2026020074,20262027,2,2026-10-10,UTA,BUF,FUT
2026020075,20262027,2,2026-10-10,DET,MTL,FUT
2026020076,20262027,2,2026-10-10,NSH,OTT,FUT
2026020077,20262027,2,2026-10-10,DAL,PIT,FUT
2026020078,20262027,2,2026-10-10,CAR,CHI,FUT
2026020079,20262027,2,2026-10-10,CBJ,STL,FUT
2026020080,20262027,2,2026-10-10,TOR,COL,FUT
2026020081,20262027,2,2026-10-10,TBL,NYI,FUT
2026020082,20262027,2,2026-10-10,ANA,CGY,FUT
2026020083,20262027,2,2026-10-10,LAK,VGK,FUT
2026020084,20262027,2,2026-10-11,SEA,WSH,FUT
2026020085,20262027,2,2026-10-11,VAN,NYR,FUT
2026020086,20262027,2,2026-10-11,CAR,PHI,FUT
2026020087,20262027,2,2026-10-12,FLA,BUF,FUT
2026020088,20262027,2,2026-10-12,OTT,NJD,FUT
2026020089,20262027,2,2026-10-12,VGK,MIN,FUT
2026020090,20262027,2,2026-10-13,NJD,DET,FUT
2026020091,20262027,2,2026-10-13,FLA,CBJ,FUT
2026020092,20262027,2,2026-10-13,BUF,MTL,FUT
2026020093,20262027,2,2026-10-13,WSH,CAR,FUT
2026020094,20262027,2,2026-10-13,SEA,PHI,FUT
2026020095,20262027,2,2026-10-13,TBL,NYR,FUT
2026020096,20262027,2,2026-10-13,STL,OTT,FUT
2026020097,20262027,2,2026-10-13,VAN,NYI,FUT
2026020098,20262027,2,2026-10-13,PIT,CHI,FUT
2026020099,20262027,2,2026-10-13,MIN,WPG,FUT
2026020100,20262027,2,2026-10-13,COL,DAL,FUT
2026020101,20262027,2,2026-10-13,VGK,NSH,FUT
2026020102,20262027,2,2026-10-13,TOR,UTA,FUT
2026020103,20262027,2,2026-10-13,CGY,ANA,FUT
2026020104,20262027,2,2026-10-13,EDM,LAK,FUT
2026020105,20262027,2,2026-10-13,BOS,SJS,FUT
2026020106,20262027,2,2026-10-14,MTL,WSH,FUT
2026020107,20262027,2,2026-10-14,DAL,COL,FUT
2026020108,20262027,2,2026-10-15,BUF,TOR,FUT
2026020109,20262027,2,2026-10-15,NYI,OTT,FUT
2026020110,20262027,2,2026-10-15,PHI,DET,FUT
2026020111,20262027,2,2026-10-15,SEA,TBL,FUT
2026020112,20262027,2,2026-10-15,VAN,FLA,FUT
2026020113,20262027,2,2026-10-15,NYR,NJD,FUT
2026020114,20262027,2,2026-10-15,WPG,CHI,FUT
2026020115,20262027,2,2026-10-15,SJS,NSH,FUT
2026020116,20262027,2,2026-10-15,STL,MIN,FUT
2026020117,20262027,2,2026-10-15,UTA,EDM,FUT
2026020118,20262027,2,2026-10-15,CGY,VGK,FUT
2026020119,20262027,2,2026-10-16,PIT,COL,FUT
2026020120,20262027,2,2026-10-16,BOS,ANA,FUT
2026020121,20262027,2,2026-10-17,NJD,WSH,FUT
2026020122,20262027,2,2026-10-17,CAR,WPG,FUT
2026020123,20262027,2,2026-10-17,VAN,TBL,FUT
2026020124,20262027,2,2026-10-17,SEA,FLA,FUT
2026020125,20262027,2,2026-10-17,NYI,TOR,FUT
2026020126,20262027,2,2026-10-17,BUF,MTL,FUT
2026020127,20262027,2,2026-10-17,SJS,DET,FUT
2026020128,20262027,2,2026-10-17,OTT,PHI,FUT
2026020129,20262027,2,2026-10-17,NYR,CBJ,FUT
2026020130,20262027,2,2026-10-17,DAL,CHI,FUT
2026020131,20262027,2,2026-10-17,STL,NSH,FUT
2026020132,20262027,2,2026-10-17,BOS,LAK,FUT
2026020133,20262027,2,2026-10-17,EDM,UTA,FUT
2026020134,20262027,2,2026-10-17,PIT,VGK,FUT
2026020135,20262027,2,2026-10-18,CBJ,MIN,FUT
2026020136,20262027,2,2026-10-18,CAR,CGY,FUT
2026020137,20262027,2,2026-10-19,ANA,NYR,FUT
2026020138,20262027,2,2026-10-19,COL,PHI,FUT
2026020139,20262027,2,2026-10-19,SJS,TOR,FUT
2026020140,20262027,2,2026-10-19,PIT,UTA,FUT
2026020141,20262027,2,2026-10-20,SJS,MTL,FUT
2026020142,20262027,2,2026-10-20,COL,NJD,FUT
2026020143,20262027,2,2026-10-20,ANA,NYI,FUT
2026020144,20262027,2,2026-10-20,LAK,WSH,FUT
2026020145,20262027,2,2026-10-20,TOR,CBJ,FUT
2026020146,20262027,2,2026-10-20,WPG,STL,FUT
2026020147,20262027,2,2026-10-20,BOS,DAL,FUT
2026020148,20262027,2,2026-10-20,MIN,EDM,FUT
2026020149,20262027,2,2026-10-20,DET,SEA,FUT
2026020150,20262027,2,2026-10-20,CAR,VAN,FUT
2026020151,20262027,2,2026-10-20,TBL,VGK,FUT
2026020152,20262027,2,2026-10-21,PHI,BUF,FUT
2026020153,20262027,2,2026-10-21,FLA,OTT,FUT
2026020154,20262027,2,2026-10-22,NSH,BOS,FUT
2026020155,20262027,2,2026-10-22,NYR,TOR,FUT
2026020156,20262027,2,2026-10-22,SJS,OTT,FUT
2026020157,20262027,2,2026-10-22,ANA,NJD,FUT
2026020158,20262027,2,2026-10-22,FLA,PIT,FUT
2026020159,20262027,2,2026-10-22,LAK,NYI,FUT
2026020160,20262027,2,2026-10-22,VGK,STL,FUT
2026020161,20262027,2,2026-10-22,WPG,DAL,FUT
2026020162,20262027,2,2026-10-22,MIN,CGY,FUT
2026020163,20262027,2,2026-10-22,CAR,EDM,FUT
2026020164,20262027,2,2026-10-22,UTA,SEA,FUT
2026020165,20262027,2,2026-10-22,DET,VAN,FUT
2026020166,20262027,2,2026-10-23,MTL,CHI,FUT
2026020167,20262027,2,2026-10-23,TBL,COL,FUT
2026020168,20262027,2,2026-10-24,ANA,PHI,FUT
2026020169,20262027,2,2026-10-24,LAK,NJD,FUT
2026020170,20262027,2,2026-10-24,SJS,BOS,FUT
2026020171,20262027,2,2026-10-24,NYR,OTT,FUT
2026020172,20262027,2,2026-10-24,NSH,PIT,FUT
2026020173,20262027,2,2026-10-24,BUF,WSH,FUT
2026020174,20262027,2,2026-10-24,VGK,CBJ,FUT
2026020175,20262027,2,2026-10-24,CAR,STL,FUT
2026020176,20262027,2,2026-10-24,TOR,EDM,FUT
2026020177,20262027,2,2026-10-24,TBL,UTA,FUT
2026020178,20262027,2,2026-10-24,DET,CGY,FUT
2026020179,20262027,2,2026-10-24,MIN,SEA,FUT
2026020180,20262027,2,2026-10-25,FLA,CHI,FUT
2026020181,20262027,2,2026-10-25,NYI,DAL,FUT
2026020182,20262027,2,2026-10-25,MTL,WPG,FUT
2026020183,20262027,2,2026-10-25,COL,NSH,FUT
2026020184,20262027,2,2026-10-25,MIN,VAN,FUT
2026020185,20262027,2,2026-10-26,LAK,NYR,FUT
2026020186,20262027,2,2026-10-26,TOR,CGY,FUT
2026020187,20262027,2,2026-10-26,DET,EDM,FUT
2026020188,20262027,2,2026-10-27,CBJ,PHI,FUT
2026020189,20262027,2,2026-10-27,BOS,CAR,FUT
2026020190,20262027,2,2026-10-27,LAK,CHI,FUT
2026020191,20262027,2,2026-10-27,MTL,STL,FUT
2026020192,20262027,2,2026-10-27,NYI,NSH,FUT
2026020193,20262027,2,2026-10-27,NJD,DAL,FUT
2026020194,20262027,2,2026-10-27,FLA,WPG,FUT
2026020195,20262027,2,2026-10-27,MIN,UTA,FUT
2026020196,20262027,2,2026-10-27,OTT,VGK,FUT
2026020197,20262027,2,2026-10-27,VAN,ANA,FUT
2026020198,20262027,2,2026-10-27,BUF,SJS,FUT
2026020199,20262027,2,2026-10-28,PHI,WSH,FUT
2026020200,20262027,2,2026-10-28,CGY,EDM,FUT
2026020201,20262027,2,2026-10-28,NJD,COL,FUT
2026020202,20262027,2,2026-10-28,TOR,SEA,FUT
2026020203,20262027,2,2026-10-29,CHI,DET,FUT
2026020204,20262027,2,2026-10-29,WPG,TBL,FUT
2026020205,20262027,2,2026-10-29,UTA,PIT,FUT
2026020206,20262027,2,2026-10-29,CBJ,CAR,FUT
2026020207,20262027,2,2026-10-29,BOS,STL,FUT
2026020208,20262027,2,2026-10-29,WSH,NSH,FUT
2026020209,20262027,2,2026-10-29,MTL,DAL,FUT
2026020210,20262027,2,2026-10-29,NYI,MIN,FUT
2026020211,20262027,2,2026-10-29,BUF,ANA,FUT
2026020212,20262027,2,2026-10-29,OTT,LAK,FUT
2026020213,20262027,2,2026-10-29,VAN,SJS,FUT
2026020214,20262027,2,2026-10-30,NJD,VGK,FUT
2026020215,20262027,2,2026-10-30,WPG,FLA,FUT
2026020216,20262027,2,2026-10-30,SEA,CGY,FUT
2026020217,20262027,2,2026-10-31,CHI,BOS,FUT
2026020218,20262027,2,2026-10-31,STL,DET,FUT
2026020219,20262027,2,2026-10-31,TBL,NSH,FUT
2026020220,20262027,2,2026-10-31,EDM,NYI,FUT
2026020221,20262027,2,2026-10-31,BUF,LAK,FUT
2026020222,20262027,2,2026-10-31,OTT,SJS,FUT
2026020223,20262027,2,2026-10-31,PIT,MTL,FUT
2026020224,20262027,2,2026-10-31,TOR,VAN,FUT
2026020225,20262027,2,2026-10-31,CBJ,DAL,FUT
2026020226,20262027,2,2026-10-31,CGY,COL,FUT
2026020227,20262027,2,2026-11-01,WPG,CAR,FUT
2026020228,20262027,2,2026-11-01,MIN,WSH,FUT
2026020229,20262027,2,2026-11-01,UTA,PHI,FUT
2026020230,20262027,2,2026-11-01,EDM,NYR,FUT
2026020231,20262027,2,2026-11-01,OTT,ANA,FUT
2026020232,20262027,2,2026-11-02,VGK,BOS,FUT
2026020233,20262027,2,2026-11-02,DET,FLA,FUT
2026020234,20262027,2,2026-11-02,COL,CHI,FUT
2026020235,20262027,2,2026-11-02,CGY,SJS,FUT
2026020236,20262027,2,2026-11-03,UTA,TOR,FUT
2026020237,20262027,2,2026-11-03,WPG,MTL,FUT
2026020238,20262027,2,2026-11-03,DET,TBL,FUT
2026020239,20262027,2,2026-11-03,EDM,NJD,FUT
2026020240,20262027,2,2026-11-03,STL,NYR,FUT
2026020241,20262027,2,2026-11-03,MIN,PHI,FUT
2026020242,20262027,2,2026-11-03,VGK,PIT,FUT
2026020243,20262027,2,2026-11-03,DAL,WSH,FUT
2026020244,20262027,2,2026-11-03,COL,CBJ,FUT
2026020245,20262027,2,2026-11-03,CAR,NSH,FUT
2026020246,20262027,2,2026-11-03,ANA,VAN,FUT
2026020247,20262027,2,2026-11-04,OTT,BUF,FUT
2026020248,20262027,2,2026-11-04,CHI,FLA,FUT
2026020249,20262027,2,2026-11-04,SJS,LAK,FUT
2026020250,20262027,2,2026-11-04,CGY,SEA,FUT
2026020251,20262027,2,2026-11-05,UTA,MTL,FUT
2026020252,20262027,2,2026-11-05,VGK,DET,FUT
2026020253,20262027,2,2026-11-05,CHI,TBL,FUT
2026020254,20262027,2,2026-11-05,STL,NJD,FUT
2026020255,20262027,2,2026-11-05,CAR,NYI,FUT
2026020256,20262027,2,2026-11-05,PHI,NYR,FUT
2026020257,20262027,2,2026-11-05,BOS,PIT,FUT
2026020258,20262027,2,2026-11-05,DAL,CBJ,FUT
2026020259,20262027,2,2026-11-05,VAN,WPG,FUT
2026020260,20262027,2,2026-11-05,ANA,EDM,FUT
2026020261,20262027,2,2026-11-05,NSH,COL,FUT
2026020262,20262027,2,2026-11-06,CBJ,BUF,FUT
2026020263,20262027,2,2026-11-06,SJS,MIN,FUT
2026020264,20262027,2,2026-11-06,ANA,CGY,FUT
2026020265,20262027,2,2026-11-07,FLA,WSH,FUT
2026020266,20262027,2,2026-11-07,STL,NSH,FUT
2026020267,20262027,2,2026-11-07,NYR,SEA,FUT
2026020268,20262027,2,2026-11-07,MTL,TOR,FUT
2026020269,20262027,2,2026-11-07,UTA,OTT,FUT
2026020270,20262027,2,2026-11-07,NJD,NYI,FUT
2026020271,20262027,2,2026-11-07,CHI,CAR,FUT
2026020272,20262027,2,2026-11-07,SJS,DAL,FUT
2026020273,20262027,2,2026-11-07,TBL,MIN,FUT
2026020274,20262027,2,2026-11-07,DET,COL,FUT
2026020275,20262027,2,2026-11-07,PIT,LAK,FUT
2026020276,20262027,2,2026-11-07,VAN,EDM,FUT
2026020277,20262027,2,2026-11-08,FLA,BOS,FUT
2026020278,20262027,2,2026-11-08,VGK,BUF,FUT
2026020279,20262027,2,2026-11-08,NJD,TOR,FUT
2026020280,20262027,2,2026-11-08,TBL,WPG,FUT
2026020281,20262027,2,2026-11-08,PHI,CGY,FUT
2026020282,20262027,2,2026-11-08,PIT,ANA,FUT
2026020283,20262027,2,2026-11-09,NYR,EDM,FUT
2026020284,20262027,2,2026-11-09,PHI,VAN,FUT
2026020285,20262027,2,2026-11-09,NYI,SJS,FUT
2026020286,20262027,2,2026-11-10,COL,TOR,FUT
2026020287,20262027,2,2026-11-10,MIN,MTL,FUT
2026020288,20262027,2,2026-11-10,WSH,OTT,FUT
2026020289,20262027,2,2026-11-10,FLA,CBJ,FUT
2026020290,20262027,2,2026-11-10,DET,STL,FUT
2026020291,20262027,2,2026-11-10,NJD,WPG,FUT
2026020292,20262027,2,2026-11-10,NSH,LAK,FUT
2026020293,20262027,2,2026-11-11,TBL,BUF,FUT
2026020294,20262027,2,2026-11-11,NYR,CGY,FUT
2026020295,20262027,2,2026-11-11,PHI,EDM,FUT
2026020296,20262027,2,2026-11-11,UTA,VGK,FUT
2026020297,20262027,2,2026-11-11,NSH,ANA,FUT
2026020298,20262027,2,2026-11-11,PIT,SJS,FUT
2026020299,20262027,2,2026-11-12,MTL,BOS,FUT
2026020300,20262027,2,2026-11-12,MIN,TOR,FUT
2026020301,20262027,2,2026-11-12,COL,OTT,FUT
2026020302,20262027,2,2026-11-12,DET,FLA,FUT
2026020303,20262027,2,2026-11-12,WSH,NJD,FUT
2026020304,20262027,2,2026-11-12,TBL,CBJ,FUT
2026020305,20262027,2,2026-11-12,BUF,CHI,FUT
2026020306,20262027,2,2026-11-12,WPG,DAL,FUT
2026020307,20262027,2,2026-11-12,STL,UTA,FUT
2026020308,20262027,2,2026-11-12,NYI,LAK,FUT
2026020309,20262027,2,2026-11-12,CAR,SEA,FUT
2026020310,20262027,2,2026-11-13,NYR,VAN,FUT
2026020311,20262027,2,2026-11-13,NSH,VGK,FUT
2026020312,20262027,2,2026-11-14,WPG,CHI,FUT
2026020313,20262027,2,2026-11-14,MIN,BOS,FUT
2026020314,20262027,2,2026-11-14,EDM,TOR,FUT
2026020315,20262027,2,2026-11-14,COL,MTL,FUT
2026020316,20262027,2,2026-11-14,DET,TBL,FUT
2026020317,20262027,2,2026-11-14,OTT,PIT,FUT
2026020318,20262027,2,2026-11-14,NJD,WSH,FUT
2026020319,20262027,2,2026-11-14,PHI,CBJ,FUT
2026020320,20262027,2,2026-11-14,FLA,STL,FUT
2026020321,20262027,2,2026-11-14,SEA,CAR,FUT
2026020322,20262027,2,2026-11-14,BUF,DAL,FUT
2026020323,20262027,2,2026-11-14,SJS,UTA,FUT
2026020324,20262027,2,2026-11-14,NYI,ANA,FUT
2026020325,20262027,2,2026-11-14,CGY,LAK,FUT
2026020326,20262027,2,2026-11-15,EDM,PHI,FUT
2026020327,20262027,2,2026-11-15,FLA,DAL,FUT
2026020328,20262027,2,2026-11-15,CGY,ANA,FUT
2026020329,20262027,2,2026-11-15,VAN,VGK,FUT
2026020330,20262027,2,2026-11-15,NSH,SJS,FUT
2026020331,20262027,2,2026-11-16,MTL,NYR,FUT
2026020332,20262027,2,2026-11-16,VAN,UTA,FUT
2026020333,20262027,2,2026-11-17,LAK,BOS,FUT
2026020334,20262027,2,2026-11-17,WSH,TBL,FUT
2026020335,20262027,2,2026-11-17,EDM,FLA,FUT
2026020336,20262027,2,2026-11-17,CBJ,NYI,FUT
2026020337,20262027,2,2026-11-17,BUF,PHI,FUT
2026020338,20262027,2,2026-11-17,TOR,CHI,FUT
2026020339,20262027,2,2026-11-17,ANA,STL,FUT
2026020340,20262027,2,2026-11-17,NSH,MIN,FUT
2026020341,20262027,2,2026-11-17,OTT,WPG,FUT
2026020342,20262027,2,2026-11-17,DAL,VGK,FUT
2026020343,20262027,2,2026-11-17,CGY,SJS,FUT
2026020344,20262027,2,2026-11-18,BOS,DET,FUT
2026020345,20262027,2,2026-11-18,MTL,NJD,FUT
2026020346,20262027,2,2026-11-18,COL,UTA,FUT
2026020347,20262027,2,2026-11-19,LAK,TOR,FUT
2026020348,20262027,2,2026-11-19,PHI,OTT,FUT
2026020349,20262027,2,2026-11-19,EDM,TBL,FUT
2026020350,20262027,2,2026-11-19,STL,PIT,FUT
2026020351,20262027,2,2026-11-19,BUF,WSH,FUT
2026020352,20262027,2,2026-11-19,MTL,CAR,FUT
2026020353,20262027,2,2026-11-19,CBJ,CHI,FUT
2026020354,20262027,2,2026-11-19,NYI,WPG,FUT
2026020355,20262027,2,2026-11-19,MIN,CGY,FUT
2026020356,20262027,2,2026-11-19,ANA,COL,FUT
2026020357,20262027,2,2026-11-19,VAN,SEA,FUT
2026020358,20262027,2,2026-11-19,DAL,VGK,FUT
2026020359,20262027,2,2026-11-21,EDM,CAR,FUT
2026020360,20262027,2,2026-11-21,CHI,CGY,FUT
2026020361,20262027,2,2026-11-21,BUF,FLA,FUT
2026020362,20262027,2,2026-11-21,PIT,NSH,FUT
2026020363,20262027,2,2026-11-21,WSH,BOS,FUT
2026020364,20262027,2,2026-11-21,CBJ,TOR,FUT
2026020365,20262027,2,2026-11-21,PHI,MTL,FUT
2026020366,20262027,2,2026-11-21,LAK,OTT,FUT
2026020367,20262027,2,2026-11-21,NYI,DET,FUT
2026020368,20262027,2,2026-11-21,NJD,STL,FUT
2026020369,20262027,2,2026-11-21,VGK,WPG,FUT
2026020370,20262027,2,2026-11-21,ANA,UTA,FUT
2026020371,20262027,2,2026-11-21,MIN,VAN,FUT
2026020372,20262027,2,2026-11-21,SEA,SJS,FUT
2026020373,20262027,2,2026-11-22,CAR,NYR,FUT
2026020374,20262027,2,2026-11-22,BUF,TBL,FUT
2026020375,20262027,2,2026-11-22,EDM,STL,FUT
2026020376,20262027,2,2026-11-22,PIT,DAL,FUT
2026020377,20262027,2,2026-11-22,CHI,VAN,FUT
2026020378,20262027,2,2026-11-23,CBJ,NJD,FUT
2026020379,20262027,2,2026-11-23,LAK,MTL,FUT
2026020380,20262027,2,2026-11-23,CGY,OTT,FUT
2026020381,20262027,2,2026-11-23,TOR,NYI,FUT
2026020382,20262027,2,2026-11-23,UTA,WPG,FUT
2026020383,20262027,2,2026-11-23,ANA,SEA,FUT
2026020384,20262027,2,2026-11-23,MIN,SJS,FUT
2026020385,20262027,2,2026-11-24,VGK,EDM,FUT
2026020386,20262027,2,2026-11-25,WPG,BOS,FUT
2026020387,20262027,2,2026-11-25,NYR,BUF,FUT
2026020388,20262027,2,2026-11-25,CAR,TBL,FUT
2026020389,20262027,2,2026-11-25,OTT,FLA,FUT
2026020390,20262027,2,2026-11-25,STL,NYI,FUT
2026020391,20262027,2,2026-11-25,CGY,PIT,FUT
2026020392,20262027,2,2026-11-25,PHI,WSH,FUT
2026020393,20262027,2,2026-11-25,NJD,CBJ,FUT
2026020394,20262027,2,2026-11-25,VAN,DET,FUT
2026020395,20262027,2,2026-11-25,NSH,DAL,FUT
2026020396,20262027,2,2026-11-25,UTA,MIN,FUT
2026020397,20262027,2,2026-11-25,MTL,COL,FUT
2026020398,20262027,2,2026-11-25,SJS,ANA,FUT
2026020399,20262027,2,2026-11-25,CHI,SEA,FUT
2026020400,20262027,2,2026-11-27,TOR,BOS,FUT
2026020401,20262027,2,2026-11-27,CGY,NJD,FUT
2026020402,20262027,2,2026-11-27,UTA,NSH,FUT
2026020403,20262027,2,2026-11-27,DAL,STL,FUT
2026020404,20262027,2,2026-11-27,OTT,TBL,FUT
2026020405,20262027,2,2026-11-27,VAN,PHI,FUT
2026020406,20262027,2,2026-11-27,FLA,WSH,FUT
2026020407,20262027,2,2026-11-27,DET,CBJ,FUT
2026020408,20262027,2,2026-11-27,COL,MIN,FUT
2026020409,20262027,2,2026-11-27,LAK,ANA,FUT
2026020410,20262027,2,2026-11-27,VGK,SJS,FUT
2026020411,20262027,2,2026-11-27,NYR,CHI,FUT
2026020412,20262027,2,2026-11-27,WPG,NYI,FUT
2026020413,20262027,2,2026-11-27,PIT,BUF,FUT
2026020414,20262027,2,2026-11-27,SEA,EDM,FUT
2026020415,20262027,2,2026-11-28,MTL,VGK,FUT
2026020416,20262027,2,2026-11-28,TBL,FLA,FUT
2026020417,20262027,2,2026-11-28,NSH,DET,FUT
2026020418,20262027,2,2026-11-28,WPG,NJD,FUT
2026020419,20262027,2,2026-11-28,CGY,NYR,FUT
2026020420,20262027,2,2026-11-28,TOR,PIT,FUT
2026020421,20262027,2,2026-11-28,OTT,CAR,FUT
2026020422,20262027,2,2026-11-28,WSH,STL,FUT
2026020423,20262027,2,2026-11-28,NYI,PHI,FUT
2026020424,20262027,2,2026-11-28,UTA,DAL,FUT
2026020425,20262027,2,2026-11-28,SJS,COL,FUT
2026020426,20262027,2,2026-11-28,ANA,LAK,FUT
2026020427,20262027,2,2026-11-28,EDM,SEA,FUT
2026020428,20262027,2,2026-11-29,MIN,CHI,FUT
2026020429,20262027,2,2026-11-29,VAN,BOS,FUT
2026020430,20262027,2,2026-11-30,OTT,NSH,FUT
2026020431,20262027,2,2026-11-30,CAR,NYR,FUT
2026020432,20262027,2,2026-11-30,CBJ,PIT,FUT
2026020433,20262027,2,2026-11-30,PHI,TOR,FUT
2026020434,20262027,2,2026-11-30,CHI,WPG,FUT
2026020435,20262027,2,2026-11-30,MTL,UTA,FUT
2026020436,20262027,2,2026-12-01,CGY,DET,FUT
2026020437,20262027,2,2026-12-01,SJS,NJD,FUT
2026020438,20262027,2,2026-12-01,FLA,NYI,FUT
2026020439,20262027,2,2026-12-01,VAN,WSH,FUT
2026020440,20262027,2,2026-12-01,COL,BOS,FUT
2026020441,20262027,2,2026-12-01,BUF,EDM,FUT
2026020442,20262027,2,2026-12-01,DAL,SEA,FUT
2026020443,20262027,2,2026-12-01,MIN,ANA,FUT
2026020444,20262027,2,2026-12-01,VGK,LAK,FUT
2026020445,20262027,2,2026-12-02,TBL,MTL,FUT
2026020446,20262027,2,2026-12-02,PIT,STL,FUT
2026020447,20262027,2,2026-12-02,WPG,UTA,FUT
2026020448,20262027,2,2026-12-03,FLA,TOR,FUT
2026020449,20262027,2,2026-12-03,NJD,OTT,FUT
2026020450,20262027,2,2026-12-03,COL,DET,FUT
2026020451,20262027,2,2026-12-03,SJS,NYR,FUT
2026020452,20262027,2,2026-12-03,NYI,PHI,FUT
2026020453,20262027,2,2026-12-03,CBJ,CAR,FUT
2026020454,20262027,2,2026-12-03,CHI,NSH,FUT
2026020455,20262027,2,2026-12-03,BUF,CGY,FUT
2026020456,20262027,2,2026-12-03,WSH,EDM,FUT
2026020457,20262027,2,2026-12-03,DAL,SEA,FUT
2026020458,20262027,2,2026-12-03,UTA,VGK,FUT
2026020459,20262027,2,2026-12-03,MIN,LAK,FUT
2026020460,20262027,2,2026-12-04,SJS,NYI,FUT
2026020461,20262027,2,2026-12-04,CHI,STL,FUT
2026020462,20262027,2,2026-12-04,BUF,VAN,FUT
2026020463,20262027,2,2026-12-04,SEA,ANA,FUT
2026020464,20262027,2,2026-12-05,DET,BOS,FUT
2026020465,20262027,2,2026-12-05,FLA,MTL,FUT
2026020466,20262027,2,2026-12-05,CBJ,NSH,FUT
2026020467,20262027,2,2026-12-05,NJD,PIT,FUT
2026020468,20262027,2,2026-12-05,WSH,CGY,FUT
2026020469,20262027,2,2026-12-05,TBL,OTT,FUT
2026020470,20262027,2,2026-12-05,COL,NYR,FUT
2026020471,20262027,2,2026-12-05,TOR,CAR,FUT
2026020472,20262027,2,2026-12-05,WPG,VGK,FUT
2026020473,20262027,2,2026-12-05,PHI,MIN,FUT
2026020474,20262027,2,2026-12-05,UTA,LAK,FUT
2026020475,20262027,2,2026-12-05,DAL,VAN,FUT
2026020476,20262027,2,2026-12-06,SJS,PIT,FUT
2026020477,20262027,2,2026-12-06,NSH,STL,FUT
2026020478,20262027,2,2026-12-06,OTT,MTL,FUT
2026020479,20262027,2,2026-12-06,EDM,CHI,FUT
2026020480,20262027,2,2026-12-06,WPG,ANA,FUT
2026020481,20262027,2,2026-12-06,BUF,SEA,FUT
2026020482,20262027,2,2026-12-07,COL,NYI,FUT
2026020483,20262027,2,2026-12-07,CBJ,TBL,FUT
2026020484,20262027,2,2026-12-07,NJD,NYR,FUT
2026020485,20262027,2,2026-12-07,WSH,VAN,FUT
2026020486,20262027,2,2026-12-08,VGK,MTL,FUT
2026020487,20262027,2,2026-12-08,ANA,OTT,FUT
2026020488,20262027,2,2026-12-08,BOS,FLA,FUT
2026020489,20262027,2,2026-12-08,CHI,PIT,FUT
2026020490,20262027,2,2026-12-08,NYR,CAR,FUT
2026020491,20262027,2,2026-12-08,COL,STL,FUT
2026020492,20262027,2,2026-12-08,PHI,WPG,FUT
2026020493,20262027,2,2026-12-08,NSH,CGY,FUT
2026020494,20262027,2,2026-12-08,EDM,MIN,FUT
2026020495,20262027,2,2026-12-08,SEA,SJS,FUT
2026020496,20262027,2,2026-12-09,DET,NJD,FUT
2026020497,20262027,2,2026-12-09,TOR,DAL,FUT
2026020498,20262027,2,2026-12-09,SJS,LAK,FUT
2026020499,20262027,2,2026-12-10,EDM,BUF,FUT
2026020500,20262027,2,2026-12-10,ANA,MTL,FUT
2026020501,20262027,2,2026-12-10,VGK,OTT,FUT
2026020502,20262027,2,2026-12-10,BOS,TBL,FUT
2026020503,20262027,2,2026-12-10,PIT,FLA,FUT
2026020504,20262027,2,2026-12-10,CGY,NYI,FUT
2026020505,20262027,2,2026-12-10,MIN,CBJ,FUT
2026020506,20262027,2,2026-12-10,CHI,WPG,FUT
2026020507,20262027,2,2026-12-10,STL,UTA,FUT
2026020508,20262027,2,2026-12-10,NSH,VAN,FUT
2026020509,20262027,2,2026-12-10,WSH,SEA,FUT
2026020510,20262027,2,2026-12-11,NYR,DET,FUT
2026020511,20262027,2,2026-12-11,CGY,PHI,FUT
2026020512,20262027,2,2026-12-11,NYI,CAR,FUT
2026020513,20262027,2,2026-12-11,LAK,SJS,FUT
2026020514,20262027,2,2026-12-12,NJD,BOS,FUT
2026020515,20262027,2,2026-12-12,MTL,CBJ,FUT
2026020516,20262027,2,2026-12-12,PIT,TBL,FUT
2026020517,20262027,2,2026-12-12,WPG,MIN,FUT
2026020518,20262027,2,2026-12-12,ANA,BUF,FUT
2026020519,20262027,2,2026-12-12,VGK,TOR,FUT
2026020520,20262027,2,2026-12-12,EDM,OTT,FUT
2026020521,20262027,2,2026-12-12,FLA,DET,FUT
2026020522,20262027,2,2026-12-12,UTA,CHI,FUT
2026020523,20262027,2,2026-12-12,STL,DAL,FUT
2026020524,20262027,2,2026-12-12,WSH,COL,FUT
2026020525,20262027,2,2026-12-12,VAN,LAK,FUT
2026020526,20262027,2,2026-12-12,NSH,SEA,FUT
2026020527,20262027,2,2026-12-13,BOS,CAR,FUT
2026020528,20262027,2,2026-12-13,CBJ,NYR,FUT
2026020529,20262027,2,2026-12-13,ANA,TOR,FUT
2026020530,20262027,2,2026-12-13,TBL,STL,FUT
2026020531,20262027,2,2026-12-14,BUF,OTT,FUT
2026020532,20262027,2,2026-12-14,FLA,PHI,FUT
2026020533,20262027,2,2026-12-14,EDM,MTL,FUT
2026020534,20262027,2,2026-12-14,UTA,COL,FUT
2026020535,20262027,2,2026-12-14,VAN,SJS,FUT
2026020536,20262027,2,2026-12-15,FLA,BOS,FUT
2026020537,20262027,2,2026-12-15,CGY,BUF,FUT
2026020538,20262027,2,2026-12-15,LAK,DET,FUT
2026020539,20262027,2,2026-12-15,NYR,NJD,FUT
2026020540,20262027,2,2026-12-15,TBL,PIT,FUT
2026020541,20262027,2,2026-12-15,CAR,CBJ,FUT
2026020542,20262027,2,2026-12-15,WPG,STL,FUT
2026020543,20262027,2,2026-12-15,SEA,NSH,FUT
2026020544,20262027,2,2026-12-15,TOR,MIN,FUT
2026020545,20262027,2,2026-12-15,NYI,UTA,FUT
2026020546,20262027,2,2026-12-15,WSH,DAL,FUT
2026020547,20262027,2,2026-12-16,NYR,PHI,FUT
2026020548,20262027,2,2026-12-16,NYI,COL,FUT
2026020549,20262027,2,2026-12-16,VAN,ANA,FUT
2026020550,20262027,2,2026-12-16,SJS,VGK,FUT
2026020551,20262027,2,2026-12-17,STL,BOS,FUT
2026020552,20262027,2,2026-12-17,CGY,TBL,FUT
2026020553,20262027,2,2026-12-17,TOR,NJD,FUT
2026020554,20262027,2,2026-12-17,LAK,PIT,FUT
2026020555,20262027,2,2026-12-17,DET,WSH,FUT
2026020556,20262027,2,2026-12-17,SEA,CBJ,FUT
2026020557,20262027,2,2026-12-17,DAL,EDM,FUT
2026020558,20262027,2,2026-12-17,CAR,UTA,FUT
2026020559,20262027,2,2026-12-18,MTL,BUF,FUT
2026020560,20262027,2,2026-12-18,CHI,OTT,FUT
2026020561,20262027,2,2026-12-18,NSH,NYR,FUT
2026020562,20262027,2,2026-12-18,DET,PHI,FUT
2026020563,20262027,2,2026-12-18,SEA,PIT,FUT
2026020564,20262027,2,2026-12-18,ANA,MIN,FUT
2026020565,20262027,2,2026-12-18,CAR,COL,FUT
2026020566,20262027,2,2026-12-18,NYI,VGK,FUT
2026020567,20262027,2,2026-12-19,BOS,NJD,FUT
2026020568,20262027,2,2026-12-19,CGY,FLA,FUT
2026020569,20262027,2,2026-12-19,UTA,EDM,FUT
2026020570,20262027,2,2026-12-19,TBL,TOR,FUT
2026020571,20262027,2,2026-12-19,STL,WSH,FUT
2026020572,20262027,2,2026-12-19,LAK,CBJ,FUT
2026020573,20262027,2,2026-12-19,MTL,MIN,FUT
2026020574,20262027,2,2026-12-19,DAL,WPG,FUT
2026020575,20262027,2,2026-12-19,SJS,VAN,FUT
2026020576,20262027,2,2026-12-20,PHI,BOS,FUT
2026020577,20262027,2,2026-12-20,OTT,CHI,FUT
2026020578,20262027,2,2026-12-20,TBL,DET,FUT
2026020579,20262027,2,2026-12-20,LAK,BUF,FUT
2026020580,20262027,2,2026-12-20,DAL,WPG,FUT
2026020581,20262027,2,2026-12-20,NSH,NJD,FUT
2026020582,20262027,2,2026-12-20,NYR,NYI,FUT
2026020583,20262027,2,2026-12-20,ANA,EDM,FUT
2026020584,20262027,2,2026-12-20,SEA,COL,FUT
2026020585,20262027,2,2026-12-21,WSH,TOR,FUT
2026020586,20262027,2,2026-12-21,STL,FLA,FUT
2026020587,20262027,2,2026-12-21,CBJ,PHI,FUT
2026020588,20262027,2,2026-12-21,UTA,VAN,FUT
2026020589,20262027,2,2026-12-21,CAR,VGK,FUT
2026020590,20262027,2,2026-12-22,STL,TBL,FUT
2026020591,20262027,2,2026-12-22,BOS,NYI,FUT
2026020592,20262027,2,2026-12-22,NJD,NYR,FUT
2026020593,20262027,2,2026-12-22,BUF,PIT,FUT
2026020594,20262027,2,2026-12-22,MTL,CBJ,FUT
2026020595,20262027,2,2026-12-22,TOR,DET,FUT
2026020596,20262027,2,2026-12-22,WPG,NSH,FUT
2026020597,20262027,2,2026-12-22,CGY,DAL,FUT
2026020598,20262027,2,2026-12-22,LAK,MIN,FUT
2026020599,20262027,2,2026-12-22,SJS,SEA,FUT
2026020600,20262027,2,2026-12-22,VGK,ANA,FUT
2026020601,20262027,2,2026-12-26,TBL,FLA,FUT
2026020602,20262027,2,2026-12-26,NYI,BOS,FUT
2026020603,20262027,2,2026-12-26,NJD,BUF,FUT
2026020604,20262027,2,2026-12-26,TOR,MTL,FUT
2026020605,20262027,2,2026-12-26,CBJ,WSH,FUT
2026020606,20262027,2,2026-12-26,PIT,CAR,FUT
2026020607,20262027,2,2026-12-26,DET,NSH,FUT
2026020608,20262027,2,2026-12-26,WPG,MIN,FUT
2026020609,20262027,2,2026-12-26,VAN,CGY,FUT
2026020610,20262027,2,2026-12-26,UTA,LAK,FUT
2026020611,20262027,2,2026-12-26,VGK,SJS,FUT
2026020612,20262027,2,2026-12-27,PHI,CHI,FUT
2026020613,20262027,2,2026-12-27,EDM,CBJ,FUT
2026020614,20262027,2,2026-12-27,NYR,STL,FUT
2026020615,20262027,2,2026-12-27,DAL,MTL,FUT
2026020616,20262027,2,2026-12-27,BOS,NJD,FUT
2026020617,20262027,2,2026-12-27,OTT,NYI,FUT
2026020618,20262027,2,2026-12-27,COL,ANA,FUT
2026020619,20262027,2,2026-12-28,VGK,MIN,FUT
2026020620,20262027,2,2026-12-28,DET,BUF,FUT
2026020621,20262027,2,2026-12-28,NSH,FLA,FUT
2026020622,20262027,2,2026-12-28,EDM,WSH,FUT
2026020623,20262027,2,2026-12-28,TBL,CAR,FUT
2026020624,20262027,2,2026-12-28,SJS,WPG,FUT
2026020625,20262027,2,2026-12-28,LAK,VAN,FUT
2026020626,20262027,2,2026-12-29,CBJ,MTL,FUT
2026020627,20262027,2,2026-12-29,DAL,OTT,FUT
2026020628,20262027,2,2026-12-29,NSH,TBL,FUT
2026020629,20262027,2,2026-12-29,DET,NYR,FUT
2026020630,20262027,2,2026-12-29,CAR,PIT,FUT
2026020631,20262027,2,2026-12-29,VGK,CHI,FUT
2026020632,20262027,2,2026-12-29,SJS,CGY,FUT
2026020633,20262027,2,2026-12-29,STL,COL,FUT
2026020634,20262027,2,2026-12-29,NJD,UTA,FUT
2026020635,20262027,2,2026-12-29,PHI,SEA,FUT
2026020636,20262027,2,2026-12-29,TOR,ANA,FUT
2026020637,20262027,2,2026-12-30,WSH,NYI,FUT
2026020638,20262027,2,2026-12-30,BUF,FLA,FUT
2026020639,20262027,2,2026-12-30,EDM,BOS,FUT
2026020640,20262027,2,2026-12-30,SEA,VAN,FUT
2026020641,20262027,2,2026-12-30,TOR,LAK,FUT
2026020642,20262027,2,2026-12-31,PIT,OTT,FUT
2026020643,20262027,2,2026-12-31,CAR,DET,FUT
2026020644,20262027,2,2026-12-31,MTL,TBL,FUT
2026020645,20262027,2,2026-12-31,WSH,CBJ,FUT
2026020646,20262027,2,2026-12-31,STL,VGK,FUT
2026020647,20262027,2,2026-12-31,COL,UTA,FUT
2026020648,20262027,2,2026-12-31,WPG,CGY,FUT
2026020649,20262027,2,2026-12-31,NYR,DAL,FUT
2026020650,20262027,2,2027-01-01,FLA,NSH,FUT
2026020651,20262027,2,2027-01-01,BOS,CHI,FUT
2026020652,20262027,2,2027-01-01,NJD,ANA,FUT
2026020653,20262027,2,2027-01-01,PHI,SJS,FUT
2026020654,20262027,2,2027-01-01,MIN,PIT,FUT
2026020655,20262027,2,2027-01-02,EDM,DET,FUT
2026020656,20262027,2,2027-01-02,MTL,FLA,FUT
2026020657,20262027,2,2027-01-02,BUF,TBL,FUT
2026020658,20262027,2,2027-01-02,OTT,WSH,FUT
2026020659,20262027,2,2027-01-02,NSH,CAR,FUT
2026020660,20262027,2,2027-01-02,BOS,CBJ,FUT
2026020661,20262027,2,2027-01-02,STL,MIN,FUT
2026020662,20262027,2,2027-01-02,CGY,WPG,FUT
2026020663,20262027,2,2027-01-02,TOR,SJS,FUT
2026020664,20262027,2,2027-01-02,CHI,DAL,FUT
2026020665,20262027,2,2027-01-02,NJD,LAK,FUT
2026020666,20262027,2,2027-01-02,VAN,UTA,FUT
2026020667,20262027,2,2027-01-02,COL,VGK,FUT
2026020668,20262027,2,2027-01-02,NYI,SEA,FUT
2026020669,20262027,2,2027-01-03,EDM,PIT,FUT
2026020670,20262027,2,2027-01-03,CBJ,NYR,FUT
2026020671,20262027,2,2027-01-03,CGY,STL,FUT
2026020672,20262027,2,2027-01-03,PHI,ANA,FUT
2026020673,20262027,2,2027-01-03,VAN,SEA,FUT
2026020674,20262027,2,2027-01-04,WPG,BUF,FUT
2026020675,20262027,2,2027-01-04,CHI,MTL,FUT
2026020676,20262027,2,2027-01-04,TOR,WSH,FUT
2026020677,20262027,2,2027-01-04,DET,DAL,FUT
2026020678,20262027,2,2027-01-04,VGK,COL,FUT
2026020679,20262027,2,2027-01-04,PHI,LAK,FUT
2026020680,20262027,2,2027-01-04,NJD,SJS,FUT
2026020681,20262027,2,2027-01-05,STL,CAR,FUT
2026020682,20262027,2,2027-01-05,NYR,CBJ,FUT
2026020683,20262027,2,2027-01-05,BUF,BOS,FUT
2026020684,20262027,2,2027-01-05,EDM,NSH,FUT
2026020685,20262027,2,2027-01-05,FLA,CGY,FUT
2026020686,20262027,2,2027-01-05,OTT,UTA,FUT
2026020687,20262027,2,2027-01-05,NYI,VAN,FUT
2026020688,20262027,2,2027-01-05,TBL,SEA,FUT
2026020689,20262027,2,2027-01-05,MIN,ANA,FUT
2026020690,20262027,2,2027-01-06,BOS,MTL,FUT
2026020691,20262027,2,2027-01-06,OTT,COL,FUT
2026020692,20262027,2,2027-01-06,WSH,LAK,FUT
2026020693,20262027,2,2027-01-06,DAL,SJS,FUT
2026020694,20262027,2,2027-01-07,UTA,DET,FUT
2026020695,20262027,2,2027-01-07,CBJ,NJD,FUT
2026020696,20262027,2,2027-01-07,CHI,NYR,FUT
2026020697,20262027,2,2027-01-07,TOR,PHI,FUT
2026020698,20262027,2,2027-01-07,PIT,CAR,FUT
2026020699,20262027,2,2027-01-07,NSH,WPG,FUT
2026020700,20262027,2,2027-01-07,NYI,CGY,FUT
2026020701,20262027,2,2027-01-07,FLA,EDM,FUT
2026020702,20262027,2,2027-01-07,TBL,VAN,FUT
2026020703,20262027,2,2027-01-07,MIN,VGK,FUT
2026020704,20262027,2,2027-01-08,BUF,CBJ,FUT
2026020705,20262027,2,2027-01-08,OTT,STL,FUT
2026020706,20262027,2,2027-01-08,SEA,COL,FUT
2026020707,20262027,2,2027-01-08,DAL,ANA,FUT
2026020708,20262027,2,2027-01-08,WSH,SJS,FUT
2026020709,20262027,2,2027-01-09,CHI,NJD,FUT
2026020710,20262027,2,2027-01-09,TBL,CGY,FUT
2026020711,20262027,2,2027-01-09,NYI,EDM,FUT
2026020712,20262027,2,2027-01-09,CAR,BUF,FUT
2026020713,20262027,2,2027-01-09,PHI,TOR,FUT
2026020714,20262027,2,2027-01-09,PIT,MTL,FUT
2026020715,20262027,2,2027-01-09,BOS,DET,FUT
2026020716,20262027,2,2027-01-09,UTA,WPG,FUT
2026020717,20262027,2,2027-01-09,NSH,MIN,FUT
2026020718,20262027,2,2027-01-09,DAL,LAK,FUT
2026020719,20262027,2,2027-01-09,FLA,VAN,FUT
2026020720,20262027,2,2027-01-09,SEA,VGK,FUT
2026020721,20262027,2,2027-01-09,NYR,SJS,FUT
2026020722,20262027,2,2027-01-10,CHI,PHI,FUT
2026020723,20262027,2,2027-01-10,NSH,COL,FUT
2026020724,20262027,2,2027-01-10,WSH,ANA,FUT
2026020725,20262027,2,2027-01-11,WPG,TOR,FUT
2026020726,20262027,2,2027-01-11,TBL,EDM,FUT
2026020727,20262027,2,2027-01-11,NYR,LAK,FUT
2026020728,20262027,2,2027-01-12,CAR,BOS,FUT
2026020729,20262027,2,2027-01-12,NJD,BUF,FUT
2026020730,20262027,2,2027-01-12,COL,PIT,FUT
2026020731,20262027,2,2027-01-12,VGK,WSH,FUT
2026020732,20262027,2,2027-01-12,UTA,CHI,FUT
2026020733,20262027,2,2027-01-12,PHI,NSH,FUT
2026020734,20262027,2,2027-01-12,OTT,DAL,FUT
2026020735,20262027,2,2027-01-12,CBJ,CGY,FUT
2026020736,20262027,2,2027-01-12,FLA,SEA,FUT
2026020737,20262027,2,2027-01-12,NYR,ANA,FUT
2026020738,20262027,2,2027-01-13,NJD,MTL,FUT
2026020739,20262027,2,2027-01-13,PIT,NYI,FUT
2026020740,20262027,2,2027-01-13,DET,UTA,FUT
2026020741,20262027,2,2027-01-13,SJS,EDM,FUT
2026020742,20262027,2,2027-01-13,STL,LAK,FUT
2026020743,20262027,2,2027-01-14,DAL,BOS,FUT
2026020744,20262027,2,2027-01-14,COL,BUF,FUT
2026020745,20262027,2,2027-01-14,CHI,TOR,FUT
2026020746,20262027,2,2027-01-14,WPG,OTT,FUT
2026020747,20262027,2,2027-01-14,VGK,TBL,FUT
2026020748,20262027,2,2027-01-14,CAR,WSH,FUT
2026020749,20262027,2,2027-01-14,MTL,NSH,FUT
2026020750,20262027,2,2027-01-14,SJS,CGY,FUT
2026020751,20262027,2,2027-01-14,FLA,MIN,FUT
2026020752,20262027,2,2027-01-14,SEA,VAN,FUT
2026020753,20262027,2,2027-01-14,STL,ANA,FUT
2026020754,20262027,2,2027-01-15,DAL,NYI,FUT
2026020755,20262027,2,2027-01-15,PHI,CAR,FUT
2026020756,20262027,2,2027-01-15,CBJ,EDM,FUT
2026020757,20262027,2,2027-01-15,LAK,UTA,FUT
2026020758,20262027,2,2027-01-16,BOS,NYR,FUT
2026020759,20262027,2,2027-01-16,OTT,TBL,FUT
2026020760,20262027,2,2027-01-16,VGK,FLA,FUT
2026020761,20262027,2,2027-01-16,NSH,BUF,FUT
2026020762,20262027,2,2027-01-16,PIT,TOR,FUT
2026020763,20262027,2,2027-01-16,NYI,NJD,FUT
2026020764,20262027,2,2027-01-16,MTL,PHI,FUT
2026020765,20262027,2,2027-01-16,COL,WSH,FUT
2026020766,20262027,2,2027-01-16,DET,CHI,FUT
2026020767,20262027,2,2027-01-16,MIN,STL,FUT
2026020768,20262027,2,2027-01-16,ANA,WPG,FUT
2026020769,20262027,2,2027-01-16,LAK,CGY,FUT
2026020770,20262027,2,2027-01-16,CBJ,VAN,FUT
2026020771,20262027,2,2027-01-16,SJS,SEA,FUT
2026020772,20262027,2,2027-01-17,MIN,DET,FUT
2026020773,20262027,2,2027-01-17,DAL,NYR,FUT
2026020774,20262027,2,2027-01-17,VGK,CAR,FUT
2026020775,20262027,2,2027-01-17,WPG,EDM,FUT
2026020776,20262027,2,2027-01-18,MTL,BUF,FUT
2026020777,20262027,2,2027-01-18,TBL,BOS,FUT
2026020778,20262027,2,2027-01-18,NSH,NYI,FUT
2026020779,20262027,2,2027-01-18,VAN,COL,FUT
2026020780,20262027,2,2027-01-18,WSH,PIT,FUT
2026020781,20262027,2,2027-01-18,UTA,SJS,FUT
2026020782,20262027,2,2027-01-18,CBJ,SEA,FUT
2026020783,20262027,2,2027-01-18,STL,TOR,FUT
2026020784,20262027,2,2027-01-18,OTT,FLA,FUT
2026020785,20262027,2,2027-01-18,CGY,CHI,FUT
2026020786,20262027,2,2027-01-19,ANA,DET,FUT
2026020787,20262027,2,2027-01-19,DAL,NJD,FUT
2026020788,20262027,2,2027-01-19,PHI,NYR,FUT
2026020789,20262027,2,2027-01-19,MTL,WSH,FUT
2026020790,20262027,2,2027-01-19,MIN,WPG,FUT
2026020791,20262027,2,2027-01-19,SEA,LAK,FUT
2026020792,20262027,2,2027-01-20,VAN,NSH,FUT
2026020793,20262027,2,2027-01-20,BUF,NYI,FUT
2026020794,20262027,2,2027-01-20,TOR,OTT,FUT
2026020795,20262027,2,2027-01-20,BOS,COL,FUT
2026020796,20262027,2,2027-01-20,DAL,CHI,FUT
2026020797,20262027,2,2027-01-20,EDM,VGK,FUT
2026020798,20262027,2,2027-01-21,SEA,BUF,FUT
2026020799,20262027,2,2027-01-21,STL,MTL,FUT
2026020800,20262027,2,2027-01-21,CAR,FLA,FUT
2026020801,20262027,2,2027-01-21,TBL,NJD,FUT
2026020802,20262027,2,2027-01-21,NSH,PHI,FUT
2026020803,20262027,2,2027-01-21,ANA,PIT,FUT
2026020804,20262027,2,2027-01-21,CGY,CBJ,FUT
2026020805,20262027,2,2027-01-21,NYR,WPG,FUT
2026020806,20262027,2,2027-01-21,DET,MIN,FUT
2026020807,20262027,2,2027-01-21,EDM,LAK,FUT
2026020808,20262027,2,2027-01-22,NYI,WSH,FUT
2026020809,20262027,2,2027-01-22,VAN,CHI,FUT
2026020810,20262027,2,2027-01-22,COL,DAL,FUT
2026020811,20262027,2,2027-01-22,BOS,VGK,FUT
2026020812,20262027,2,2027-01-23,TBL,DET,FUT
2026020813,20262027,2,2027-01-23,CBJ,OTT,FUT
2026020814,20262027,2,2027-01-23,LAK,NSH,FUT
2026020815,20262027,2,2027-01-23,CGY,MTL,FUT
2026020816,20262027,2,2027-01-23,VAN,PIT,FUT
2026020817,20262027,2,2027-01-23,ANA,CAR,FUT
2026020818,20262027,2,2027-01-23,TOR,STL,FUT
2026020819,20262027,2,2027-01-23,SEA,NYI,FUT
2026020820,20262027,2,2027-01-23,NJD,PHI,FUT
2026020821,20262027,2,2027-01-23,NYR,MIN,FUT
2026020822,20262027,2,2027-01-23,BOS,UTA,FUT
2026020823,20262027,2,2027-01-23,EDM,SJS,FUT
2026020824,20262027,2,2027-01-24,BUF,WPG,FUT
2026020825,20262027,2,2027-01-24,ANA,CBJ,FUT
2026020826,20262027,2,2027-01-24,DAL,COL,FUT
2026020827,20262027,2,2027-01-24,LAK,FLA,FUT
2026020828,20262027,2,2027-01-24,WSH,NJD,FUT
2026020829,20262027,2,2027-01-24,VGK,CHI,FUT
2026020830,20262027,2,2027-01-25,PIT,DET,FUT
2026020831,20262027,2,2027-01-25,SEA,NYR,FUT
2026020832,20262027,2,2027-01-25,CAR,OTT,FUT
2026020833,20262027,2,2027-01-25,MIN,UTA,FUT
2026020834,20262027,2,2027-01-26,CBJ,BOS,FUT
2026020835,20262027,2,2027-01-26,CGY,TOR,FUT
2026020836,20262027,2,2027-01-26,CAR,MTL,FUT
2026020837,20262027,2,2027-01-26,LAK,TBL,FUT
2026020838,20262027,2,2027-01-26,SEA,NJD,FUT
2026020839,20262027,2,2027-01-26,FLA,PHI,FUT
2026020840,20262027,2,2027-01-26,NYI,PIT,FUT
2026020841,20262027,2,2027-01-26,CHI,STL,FUT
2026020842,20262027,2,2027-01-26,VGK,NSH,FUT
2026020843,20262027,2,2027-01-26,ANA,DAL,FUT
2026020844,20262027,2,2027-01-26,VAN,MIN,FUT
2026020845,20262027,2,2027-01-26,EDM,COL,FUT
2026020846,20262027,2,2027-01-27,TOR,DET,FUT
2026020847,20262027,2,2027-01-27,FLA,NYR,FUT
2026020848,20262027,2,2027-01-27,BUF,UTA,FUT
2026020849,20262027,2,2027-01-28,BOS,OTT,FUT
2026020850,20262027,2,2027-01-28,LAK,PHI,FUT
2026020851,20262027,2,2027-01-28,NYI,CAR,FUT
2026020852,20262027,2,2027-01-28,WPG,CBJ,FUT
2026020853,20262027,2,2027-01-28,COL,STL,FUT
2026020854,20262027,2,2027-01-28,VAN,DAL,FUT
2026020855,20262027,2,2027-01-28,MTL,CGY,FUT
2026020856,20262027,2,2027-01-28,NJD,EDM,FUT
2026020857,20262027,2,2027-01-28,SEA,MIN,FUT
2026020858,20262027,2,2027-01-28,BUF,VGK,FUT
2026020859,20262027,2,2027-01-28,CHI,ANA,FUT
2026020860,20262027,2,2027-01-28,NSH,SJS,FUT
2026020861,20262027,2,2027-01-29,FLA,DET,FUT
2026020862,20262027,2,2027-01-29,NYR,PIT,FUT
2026020863,20262027,2,2027-01-29,WSH,UTA,FUT
2026020864,20262027,2,2027-01-30,WPG,PHI,FUT
2026020865,20262027,2,2027-01-30,VAN,STL,FUT
2026020866,20262027,2,2027-01-30,NJD,CGY,FUT
2026020867,20262027,2,2027-01-30,CHI,SJS,FUT
2026020868,20262027,2,2027-01-30,BUF,COL,FUT
2026020869,20262027,2,2027-01-30,TOR,BOS,FUT
2026020870,20262027,2,2027-01-30,NYR,OTT,FUT
2026020871,20262027,2,2027-01-30,NYI,TBL,FUT
2026020872,20262027,2,2027-01-30,LAK,CAR,FUT
2026020873,20262027,2,2027-01-30,DET,CBJ,FUT
2026020874,20262027,2,2027-01-30,MTL,EDM,FUT
2026020875,20262027,2,2027-01-30,DAL,MIN,FUT
2026020876,20262027,2,2027-01-30,WSH,VGK,FUT
2026020877,20262027,2,2027-01-30,NSH,ANA,FUT
2026020878,20262027,2,2027-01-31,PHI,PIT,FUT
2026020879,20262027,2,2027-01-31,NJD,SEA,FUT
2026020880,20262027,2,2027-01-31,NSH,UTA,FUT
2026020881,20262027,2,2027-02-01,NYI,FLA,FUT
2026020882,20262027,2,2027-02-01,VGK,CGY,FUT
2026020883,20262027,2,2027-02-01,MTL,VAN,FUT
2026020884,20262027,2,2027-02-02,WPG,WSH,FUT
2026020885,20262027,2,2027-02-02,TBL,PIT,FUT
2026020886,20262027,2,2027-02-02,NSH,UTA,FUT
2026020887,20262027,2,2027-02-03,NYI,BUF,FUT
2026020888,20262027,2,2027-02-03,WSH,FLA,FUT
2026020889,20262027,2,2027-02-03,WPG,NYR,FUT
2026020890,20262027,2,2027-02-03,TBL,PHI,FUT
2026020891,20262027,2,2027-02-03,UTA,CGY,FUT
2026020892,20262027,2,2027-02-03,VGK,EDM,FUT
2026020893,20262027,2,2027-02-03,NJD,VAN,FUT
2026020894,20262027,2,2027-02-03,MTL,SEA,FUT
2026020895,20262027,2,2027-02-08,CBJ,TOR,FUT
2026020896,20262027,2,2027-02-08,LAK,DAL,FUT
2026020897,20262027,2,2027-02-09,CBJ,OTT,FUT
2026020898,20262027,2,2027-02-09,COL,CAR,FUT
2026020899,20262027,2,2027-02-09,LAK,STL,FUT
2026020900,20262027,2,2027-02-09,DET,ANA,FUT
2026020901,20262027,2,2027-02-10,BOS,TOR,FUT
2026020902,20262027,2,2027-02-10,CHI,SJS,FUT
2026020903,20262027,2,2027-02-11,OTT,CBJ,FUT
2026020904,20262027,2,2027-02-11,MIN,CAR,FUT
2026020905,20262027,2,2027-02-11,CHI,ANA,FUT
2026020906,20262027,2,2027-02-11,DET,LAK,FUT
2026020907,20262027,2,2027-02-12,DAL,TBL,FUT
2026020908,20262027,2,2027-02-12,COL,FLA,FUT
2026020909,20262027,2,2027-02-12,NYI,NYR,FUT
2026020910,20262027,2,2027-02-12,STL,EDM,FUT
2026020911,20262027,2,2027-02-12,CGY,UTA,FUT
2026020912,20262027,2,2027-02-13,WSH,MTL,FUT
2026020913,20262027,2,2027-02-13,ANA,NSH,FUT
2026020914,20262027,2,2027-02-13,DET,SJS,FUT
2026020915,20262027,2,2027-02-13,DAL,FLA,FUT
2026020916,20262027,2,2027-02-13,CHI,LAK,FUT
2026020917,20262027,2,2027-02-13,CBJ,BOS,FUT
2026020918,20262027,2,2027-02-13,TOR,OTT,FUT
2026020919,20262027,2,2027-02-13,COL,TBL,FUT
2026020920,20262027,2,2027-02-13,MIN,NYI,FUT
2026020921,20262027,2,2027-02-13,BUF,CAR,FUT
2026020922,20262027,2,2027-02-13,PIT,EDM,FUT
2026020923,20262027,2,2027-02-13,NJD,PHI,FUT
2026020924,20262027,2,2027-02-13,WPG,VAN,FUT
2026020925,20262027,2,2027-02-13,CGY,VGK,FUT
2026020926,20262027,2,2027-02-13,STL,SEA,FUT
2026020927,20262027,2,2027-02-14,NYR,MTL,FUT
2026020928,20262027,2,2027-02-14,UTA,WSH,FUT
2026020929,20262027,2,2027-02-15,ANA,BOS,FUT
2026020930,20262027,2,2027-02-15,UTA,NYI,FUT
2026020931,20262027,2,2027-02-15,BUF,NYR,FUT
2026020932,20262027,2,2027-02-15,CBJ,COL,FUT
2026020933,20262027,2,2027-02-15,PIT,SEA,FUT
2026020934,20262027,2,2027-02-15,OTT,MIN,FUT
2026020935,20262027,2,2027-02-15,WPG,SJS,FUT
2026020936,20262027,2,2027-02-15,PHI,STL,FUT
2026020937,20262027,2,2027-02-15,DET,VGK,FUT
2026020938,20262027,2,2027-02-15,CGY,LAK,FUT
2026020939,20262027,2,2027-02-16,CAR,TOR,FUT
2026020940,20262027,2,2027-02-16,FLA,TBL,FUT
2026020941,20262027,2,2027-02-16,ANA,WSH,FUT
2026020942,20262027,2,2027-02-16,NJD,NSH,FUT
2026020943,20262027,2,2027-02-16,MIN,DAL,FUT
2026020944,20262027,2,2027-02-16,PIT,VAN,FUT
2026020945,20262027,2,2027-02-17,STL,CHI,FUT
2026020946,20262027,2,2027-02-17,LAK,WPG,FUT
2026020947,20262027,2,2027-02-17,CBJ,UTA,FUT
2026020948,20262027,2,2027-02-17,BOS,CGY,FUT
2026020949,20262027,2,2027-02-17,COL,EDM,FUT
2026020950,20262027,2,2027-02-17,OTT,SEA,FUT
2026020951,20262027,2,2027-02-18,CAR,BUF,FUT
2026020952,20262027,2,2027-02-18,MTL,DET,FUT
2026020953,20262027,2,2027-02-18,ANA,TBL,FUT
2026020954,20262027,2,2027-02-18,NJD,FLA,FUT
2026020955,20262027,2,2027-02-18,NYR,NYI,FUT
2026020956,20262027,2,2027-02-18,TOR,NSH,FUT
2026020957,20262027,2,2027-02-18,PHI,DAL,FUT
2026020958,20262027,2,2027-02-18,LAK,MIN,FUT
2026020959,20262027,2,2027-02-18,OTT,VAN,FUT
2026020960,20262027,2,2027-02-18,CBJ,VGK,FUT
2026020961,20262027,2,2027-02-19,SJS,WSH,FUT
2026020962,20262027,2,2027-02-19,DET,CAR,FUT
2026020963,20262027,2,2027-02-19,STL,WPG,FUT
2026020964,20262027,2,2027-02-19,PIT,CGY,FUT
2026020965,20262027,2,2027-02-19,BOS,EDM,FUT
2026020966,20262027,2,2027-02-19,SEA,UTA,FUT
2026020967,20262027,2,2027-02-20,NYR,PHI,FUT
2026020968,20262027,2,2027-02-20,BUF,NJD,FUT
2026020969,20262027,2,2027-02-20,MIN,CHI,FUT
2026020970,20262027,2,2027-02-20,ANA,FLA,FUT
2026020971,20262027,2,2027-02-20,NSH,CBJ,FUT
2026020972,20262027,2,2027-02-20,NYI,MTL,FUT
2026020973,20262027,2,2027-02-20,TOR,TBL,FUT
2026020974,20262027,2,2027-02-20,VGK,DAL,FUT
2026020975,20262027,2,2027-02-20,COL,VAN,FUT
2026020976,20262027,2,2027-02-20,SEA,LAK,FUT
2026020977,20262027,2,2027-02-21,NYR,CAR,FUT
2026020978,20262027,2,2027-02-21,BUF,DET,FUT
2026020979,20262027,2,2027-02-21,NJD,CHI,FUT
2026020980,20262027,2,2027-02-21,SJS,FLA,FUT
2026020981,20262027,2,2027-02-21,NSH,WSH,FUT
2026020982,20262027,2,2027-02-21,UTA,STL,FUT
2026020983,20262027,2,2027-02-21,PIT,WPG,FUT
2026020984,20262027,2,2027-02-21,OTT,CGY,FUT
2026020985,20262027,2,2027-02-21,BOS,VAN,FUT
2026020986,20262027,2,2027-02-22,MTL,PHI,FUT
2026020987,20262027,2,2027-02-22,NYI,CBJ,FUT
2026020988,20262027,2,2027-02-22,OTT,EDM,FUT
2026020989,20262027,2,2027-02-22,VGK,COL,FUT
2026020990,20262027,2,2027-02-22,BOS,SEA,FUT
2026020991,20262027,2,2027-02-23,DET,TOR,FUT
2026020992,20262027,2,2027-02-23,SJS,TBL,FUT
2026020993,20262027,2,2027-02-23,CAR,NJD,FUT
2026020994,20262027,2,2027-02-23,NYR,WSH,FUT
2026020995,20262027,2,2027-02-23,NYI,CHI,FUT
2026020996,20262027,2,2027-02-23,WPG,NSH,FUT
2026020997,20262027,2,2027-02-23,VAN,DAL,FUT
2026020998,20262027,2,2027-02-23,PIT,MIN,FUT
2026020999,20262027,2,2027-02-24,BUF,PHI,FUT
2026021000,20262027,2,2027-02-24,CGY,UTA,FUT
2026021001,20262027,2,2027-02-24,FLA,VGK,FUT
2026021002,20262027,2,2027-02-24,SEA,ANA,FUT
2026021003,20262027,2,2027-02-24,MTL,LAK,FUT
2026021004,20262027,2,2027-02-25,DET,OTT,FUT
2026021005,20262027,2,2027-02-25,TOR,PIT,FUT
2026021006,20262027,2,2027-02-25,SJS,CAR,FUT
2026021007,20262027,2,2027-02-25,WSH,BOS,FUT
2026021008,20262027,2,2027-02-25,VAN,STL,FUT
2026021009,20262027,2,2027-02-25,EDM,NSH,FUT
2026021010,20262027,2,2027-02-25,TBL,DAL,FUT
2026021011,20262027,2,2027-02-25,WPG,COL,FUT
2026021012,20262027,2,2027-02-26,OTT,BUF,FUT
2026021013,20262027,2,2027-02-26,PHI,NYI,FUT
2026021014,20262027,2,2027-02-26,WSH,NYR,FUT
2026021015,20262027,2,2027-02-26,NJD,CBJ,FUT
2026021016,20262027,2,2027-02-26,LAK,CHI,FUT
2026021017,20262027,2,2027-02-26,FLA,UTA,FUT
2026021018,20262027,2,2027-02-26,ANA,VGK,FUT
2026021019,20262027,2,2027-02-27,DET,BOS,FUT
2026021020,20262027,2,2027-02-27,EDM,DAL,FUT
2026021021,20262027,2,2027-02-27,MIN,STL,FUT
2026021022,20262027,2,2027-02-27,TOR,BUF,FUT
2026021023,20262027,2,2027-02-27,SJS,PHI,FUT
2026021024,20262027,2,2027-02-27,TBL,CAR,FUT
2026021025,20262027,2,2027-02-27,NYI,CBJ,FUT
2026021026,20262027,2,2027-02-27,FLA,COL,FUT
2026021027,20262027,2,2027-02-27,MTL,ANA,FUT
2026021028,20262027,2,2027-02-27,WPG,SEA,FUT
2026021029,20262027,2,2027-02-27,LAK,NSH,FUT
2026021030,20262027,2,2027-02-27,CGY,VAN,FUT
2026021031,20262027,2,2027-02-28,NYR,PIT,FUT
2026021032,20262027,2,2027-02-28,NJD,MIN,FUT
2026021033,20262027,2,2027-02-28,COL,CHI,FUT
2026021034,20262027,2,2027-02-28,UTA,TBL,FUT
2026021035,20262027,2,2027-02-28,DAL,STL,FUT
2026021036,20262027,2,2027-03-01,DET,TOR,FUT
2026021037,20262027,2,2027-03-01,WSH,NYI,FUT
2026021038,20262027,2,2027-03-01,CAR,CBJ,FUT
2026021039,20262027,2,2027-03-01,SEA,WPG,FUT
2026021040,20262027,2,2027-03-01,EDM,CHI,FUT
2026021041,20262027,2,2027-03-01,ANA,LAK,FUT
2026021042,20262027,2,2027-03-01,MTL,SJS,FUT
2026021043,20262027,2,2027-03-02,PIT,BUF,FUT
2026021044,20262027,2,2027-03-02,UTA,FLA,FUT
2026021045,20262027,2,2027-03-02,OTT,NJD,FUT
2026021046,20262027,2,2027-03-02,VGK,PHI,FUT
2026021047,20262027,2,2027-03-02,COL,NSH,FUT
2026021048,20262027,2,2027-03-03,SEA,TOR,FUT
2026021049,20262027,2,2027-03-03,BOS,NYR,FUT
2026021050,20262027,2,2027-03-03,CAR,WSH,FUT
2026021051,20262027,2,2027-03-03,MIN,DAL,FUT
2026021052,20262027,2,2027-03-03,EDM,CGY,FUT
2026021053,20262027,2,2027-03-03,CHI,VAN,FUT
2026021054,20262027,2,2027-03-03,TBL,LAK,FUT
2026021055,20262027,2,2027-03-03,CBJ,SJS,FUT
2026021056,20262027,2,2027-03-04,STL,BUF,FUT
2026021057,20262027,2,2027-03-04,SEA,MTL,FUT
2026021058,20262027,2,2027-03-04,BOS,OTT,FUT
2026021059,20262027,2,2027-03-04,NJD,DET,FUT
2026021060,20262027,2,2027-03-04,PIT,FLA,FUT
2026021061,20262027,2,2027-03-04,VGK,NYI,FUT
2026021062,20262027,2,2027-03-04,UTA,NSH,FUT
2026021063,20262027,2,2027-03-05,VGK,NJD,FUT
2026021064,20262027,2,2027-03-05,DAL,PHI,FUT
2026021065,20262027,2,2027-03-05,TOR,CAR,FUT
2026021066,20262027,2,2027-03-05,WSH,WPG,FUT
2026021067,20262027,2,2027-03-05,CHI,CGY,FUT
2026021068,20262027,2,2027-03-05,TBL,ANA,FUT
2026021069,20262027,2,2027-03-05,CBJ,LAK,FUT
2026021070,20262027,2,2027-03-05,COL,SJS,FUT
2026021071,20262027,2,2027-03-06,PIT,BOS,FUT
2026021072,20262027,2,2027-03-06,NYR,BUF,FUT
2026021073,20262027,2,2027-03-06,SEA,OTT,FUT
2026021074,20262027,2,2027-03-06,VAN,MTL,FUT
2026021075,20262027,2,2027-03-06,DAL,DET,FUT
2026021076,20262027,2,2027-03-06,TOR,FLA,FUT
2026021077,20262027,2,2027-03-06,MIN,NSH,FUT
2026021078,20262027,2,2027-03-06,CHI,EDM,FUT
2026021079,20262027,2,2027-03-06,TBL,SJS,FUT
2026021080,20262027,2,2027-03-07,PIT,NYI,FUT
2026021081,20262027,2,2027-03-07,STL,PHI,FUT
2026021082,20262027,2,2027-03-07,UTA,CAR,FUT
2026021083,20262027,2,2027-03-07,CGY,WPG,FUT
2026021084,20262027,2,2027-03-07,COL,LAK,FUT
2026021085,20262027,2,2027-03-07,BUF,OTT,FUT
2026021086,20262027,2,2027-03-07,VGK,NYR,FUT
2026021087,20262027,2,2027-03-07,CBJ,ANA,FUT
2026021088,20262027,2,2027-03-07,WSH,MIN,FUT
2026021089,20262027,2,2027-03-08,SEA,BOS,FUT
2026021090,20262027,2,2027-03-08,DAL,TOR,FUT
2026021091,20262027,2,2027-03-08,TBL,CHI,FUT
2026021092,20262027,2,2027-03-09,VAN,BUF,FUT
2026021093,20262027,2,2027-03-09,NJD,FLA,FUT
2026021094,20262027,2,2027-03-09,MTL,NYI,FUT
2026021095,20262027,2,2027-03-09,OTT,PIT,FUT
2026021096,20262027,2,2027-03-09,CGY,WSH,FUT
2026021097,20262027,2,2027-03-09,NSH,STL,FUT
2026021098,20262027,2,2027-03-09,CAR,MIN,FUT
2026021099,20262027,2,2027-03-09,DET,WPG,FUT
2026021100,20262027,2,2027-03-09,LAK,EDM,FUT
2026021101,20262027,2,2027-03-09,PHI,COL,FUT
2026021102,20262027,2,2027-03-09,NYR,UTA,FUT
2026021103,20262027,2,2027-03-09,SJS,VGK,FUT
2026021104,20262027,2,2027-03-10,BOS,MTL,FUT
2026021105,20262027,2,2027-03-10,WSH,CHI,FUT
2026021106,20262027,2,2027-03-10,ANA,DAL,FUT
2026021107,20262027,2,2027-03-11,MIN,OTT,FUT
2026021108,20262027,2,2027-03-11,NJD,TBL,FUT
2026021109,20262027,2,2027-03-11,BOS,PIT,FUT
2026021110,20262027,2,2027-03-11,VAN,CBJ,FUT
2026021111,20262027,2,2027-03-11,SJS,STL,FUT
2026021112,20262027,2,2027-03-11,TOR,WPG,FUT
2026021113,20262027,2,2027-03-11,NSH,EDM,FUT
2026021114,20262027,2,2027-03-11,NYR,COL,FUT
2026021115,20262027,2,2027-03-11,LAK,SEA,FUT
2026021116,20262027,2,2027-03-11,PHI,VGK,FUT
2026021117,20262027,2,2027-03-12,BUF,DET,FUT
2026021118,20262027,2,2027-03-12,NYI,FLA,FUT
2026021119,20262027,2,2027-03-12,CGY,CAR,FUT
2026021120,20262027,2,2027-03-13,WSH,PIT,FUT
2026021121,20262027,2,2027-03-13,NSH,WPG,FUT
2026021122,20262027,2,2027-03-13,CHI,COL,FUT
2026021123,20262027,2,2027-03-13,ANA,STL,FUT
2026021124,20262027,2,2027-03-13,CGY,BOS,FUT
2026021125,20262027,2,2027-03-13,VAN,TOR,FUT
2026021126,20262027,2,2027-03-13,MTL,OTT,FUT
2026021127,20262027,2,2027-03-13,NYI,TBL,FUT
2026021128,20262027,2,2027-03-13,NJD,CAR,FUT
2026021129,20262027,2,2027-03-13,SJS,CBJ,FUT
2026021130,20262027,2,2027-03-13,PHI,UTA,FUT
2026021131,20262027,2,2027-03-13,DAL,LAK,FUT
2026021132,20262027,2,2027-03-13,NYR,VGK,FUT
2026021133,20262027,2,2027-03-13,EDM,SEA,FUT
2026021134,20262027,2,2027-03-14,DET,PIT,FUT
2026021135,20262027,2,2027-03-14,ANA,CHI,FUT
2026021136,20262027,2,2027-03-14,VAN,OTT,FUT
2026021137,20262027,2,2027-03-14,BUF,MIN,FUT
2026021138,20262027,2,2027-03-15,TBL,WSH,FUT
2026021139,20262027,2,2027-03-15,NYI,BOS,FUT
2026021140,20262027,2,2027-03-15,SJS,BUF,FUT
2026021141,20262027,2,2027-03-15,FLA,TOR,FUT
2026021142,20262027,2,2027-03-15,DAL,UTA,FUT
2026021143,20262027,2,2027-03-15,EDM,COL,FUT
2026021144,20262027,2,2027-03-15,NSH,CGY,FUT
2026021145,20262027,2,2027-03-15,STL,SEA,FUT
2026021146,20262027,2,2027-03-15,WPG,VGK,FUT
2026021147,20262027,2,2027-03-16,FLA,MTL,FUT
2026021148,20262027,2,2027-03-16,OTT,NYR,FUT
2026021149,20262027,2,2027-03-16,DET,PHI,FUT
2026021150,20262027,2,2027-03-16,PIT,CBJ,FUT
2026021151,20262027,2,2027-03-16,SJS,CHI,FUT
2026021152,20262027,2,2027-03-16,CAR,ANA,FUT
2026021153,20262027,2,2027-03-16,WPG,LAK,FUT
2026021154,20262027,2,2027-03-17,NYI,WSH,FUT
2026021155,20262027,2,2027-03-17,TBL,TOR,FUT
2026021156,20262027,2,2027-03-17,MIN,COL,FUT
2026021157,20262027,2,2027-03-17,DAL,CGY,FUT
2026021158,20262027,2,2027-03-17,NSH,VAN,FUT
2026021159,20262027,2,2027-03-17,SEA,VGK,FUT
2026021160,20262027,2,2027-03-18,WSH,BUF,FUT
2026021161,20262027,2,2027-03-18,TBL,MTL,FUT
2026021162,20262027,2,2027-03-18,FLA,OTT,FUT
2026021163,20262027,2,2027-03-18,CBJ,DET,FUT
2026021164,20262027,2,2027-03-18,PIT,NJD,FUT
2026021165,20262027,2,2027-03-18,TOR,NYR,FUT
2026021166,20262027,2,2027-03-18,BOS,PHI,FUT
2026021167,20262027,2,2027-03-18,SJS,WPG,FUT
2026021168,20262027,2,2027-03-18,STL,EDM,FUT
2026021169,20262027,2,2027-03-18,UTA,ANA,FUT
2026021170,20262027,2,2027-03-18,CAR,LAK,FUT
2026021171,20262027,2,2027-03-19,CGY,MIN,FUT
2026021172,20262027,2,2027-03-19,CHI,UTA,FUT
2026021173,20262027,2,2027-03-19,COL,SEA,FUT
2026021174,20262027,2,2027-03-20,FLA,BUF,FUT
2026021175,20262027,2,2027-03-20,MTL,DET,FUT
2026021176,20262027,2,2027-03-20,PHI,NYI,FUT
2026021177,20262027,2,2027-03-20,DAL,EDM,FUT
2026021178,20262027,2,2027-03-20,BOS,NSH,FUT
2026021179,20262027,2,2027-03-20,TBL,OTT,FUT
2026021180,20262027,2,2027-03-20,TOR,NJD,FUT
2026021181,20262027,2,2027-03-20,CBJ,WPG,FUT
2026021182,20262027,2,2027-03-20,PIT,NYR,FUT
2026021183,20262027,2,2027-03-20,STL,VAN,FUT
2026021184,20262027,2,2027-03-20,VGK,ANA,FUT
2026021185,20262027,2,2027-03-20,CAR,SJS,FUT
2026021186,20262027,2,2027-03-21,UTA,MIN,FUT
2026021187,20262027,2,2027-03-21,BUF,NYI,FUT
2026021188,20262027,2,2027-03-21,CHI,COL,FUT
2026021189,20262027,2,2027-03-21,WSH,NYR,FUT
2026021190,20262027,2,2027-03-21,STL,CGY,FUT
2026021191,20262027,2,2027-03-21,LAK,SEA,FUT
2026021192,20262027,2,2027-03-21,EDM,VAN,FUT
2026021193,20262027,2,2027-03-22,CBJ,PIT,FUT
2026021194,20262027,2,2027-03-22,TOR,MTL,FUT
2026021195,20262027,2,2027-03-22,SJS,ANA,FUT
2026021196,20262027,2,2027-03-23,BUF,BOS,FUT
2026021197,20262027,2,2027-03-23,FLA,TBL,FUT
2026021198,20262027,2,2027-03-23,PHI,NJD,FUT
2026021199,20262027,2,2027-03-23,DET,WSH,FUT
2026021200,20262027,2,2027-03-23,NYR,NSH,FUT
2026021201,20262027,2,2027-03-23,CAR,DAL,FUT
2026021202,20262027,2,2027-03-23,CHI,MIN,FUT
2026021203,20262027,2,2027-03-23,STL,WPG,FUT
2026021204,20262027,2,2027-03-23,UTA,COL,FUT
2026021205,20262027,2,2027-03-23,EDM,CGY,FUT
2026021206,20262027,2,2027-03-23,VGK,SEA,FUT
2026021207,20262027,2,2027-03-23,LAK,VAN,FUT
2026021208,20262027,2,2027-03-24,OTT,MTL,FUT
2026021209,20262027,2,2027-03-24,WSH,DET,FUT
2026021210,20262027,2,2027-03-24,ANA,SJS,FUT
2026021211,20262027,2,2027-03-25,OTT,BOS,FUT
2026021212,20262027,2,2027-03-25,TOR,BUF,FUT
2026021213,20262027,2,2027-03-25,PHI,TBL,FUT
2026021214,20262027,2,2027-03-25,NYR,FLA,FUT
2026021215,20262027,2,2027-03-25,NJD,PIT,FUT
2026021216,20262027,2,2027-03-25,DAL,CAR,FUT
2026021217,20262027,2,2027-03-25,CHI,CBJ,FUT
2026021218,20262027,2,2027-03-25,NYI,STL,FUT
2026021219,20262027,2,2027-03-25,COL,WPG,FUT
2026021220,20262027,2,2027-03-25,EDM,MIN,FUT
2026021221,20262027,2,2027-03-25,LAK,CGY,FUT
2026021222,20262027,2,2027-03-25,ANA,SEA,FUT
2026021223,20262027,2,2027-03-25,VGK,VAN,FUT
2026021224,20262027,2,2027-03-26,BOS,WSH,FUT
2026021225,20262027,2,2027-03-26,NSH,CHI,FUT
2026021226,20262027,2,2027-03-26,SJS,UTA,FUT
2026021227,20262027,2,2027-03-27,LAK,EDM,FUT
2026021228,20262027,2,2027-03-27,SEA,MIN,FUT
2026021229,20262027,2,2027-03-27,ANA,VAN,FUT
2026021230,20262027,2,2027-03-27,PHI,FLA,FUT
2026021231,20262027,2,2027-03-27,OTT,TOR,FUT
2026021232,20262027,2,2027-03-27,NJD,MTL,FUT
2026021233,20262027,2,2027-03-27,NYR,TBL,FUT
2026021234,20262027,2,2027-03-27,CAR,PIT,FUT
2026021235,20262027,2,2027-03-27,STL,CBJ,FUT
2026021236,20262027,2,2027-03-27,WPG,COL,FUT
2026021237,20262027,2,2027-03-27,DET,NYI,FUT
2026021238,20262027,2,2027-03-27,NSH,DAL,FUT
2026021239,20262027,2,2027-03-27,VGK,CGY,FUT
2026021240,20262027,2,2027-03-28,SEA,CHI,FUT
2026021241,20262027,2,2027-03-28,WSH,TOR,FUT
2026021242,20262027,2,2027-03-28,DET,MTL,FUT
2026021243,20262027,2,2027-03-28,BUF,STL,FUT
2026021244,20262027,2,2027-03-29,CAR,NJD,FUT
2026021245,20262027,2,2027-03-29,MIN,NYR,FUT
2026021246,20262027,2,2027-03-29,VAN,LAK,FUT
2026021247,20262027,2,2027-03-29,COL,SJS,FUT
2026021248,20262027,2,2027-03-30,MTL,BOS,FUT
2026021249,20262027,2,2027-03-30,OTT,DET,FUT
2026021250,20262027,2,2027-03-30,TOR,TBL,FUT
2026021251,20262027,2,2027-03-30,CBJ,FLA,FUT
2026021252,20262027,2,2027-03-30,CAR,NYI,FUT
2026021253,20262027,2,2027-03-30,PIT,PHI,FUT
2026021254,20262027,2,2027-03-30,CHI,WSH,FUT
2026021255,20262027,2,2027-03-30,BUF,NSH,FUT
2026021256,20262027,2,2027-03-30,CGY,DAL,FUT
2026021257,20262027,2,2027-03-30,UTA,SEA,FUT
2026021258,20262027,2,2027-03-30,COL,ANA,FUT
2026021259,20262027,2,2027-03-31,MIN,NJD,FUT
2026021260,20262027,2,2027-03-31,SJS,EDM,FUT
2026021261,20262027,2,2027-03-31,WPG,LAK,FUT
2026021262,20262027,2,2027-03-31,VAN,VGK,FUT
2026021263,20262027,2,2027-04-01,NYR,MTL,FUT
2026021264,20262027,2,2027-04-01,CBJ,TBL,FUT
2026021265,20262027,2,2027-04-01,TOR,FLA,FUT
2026021266,20262027,2,2027-04-01,WSH,PHI,FUT
2026021267,20262027,2,2027-04-01,NYI,PIT,FUT
2026021268,20262027,2,2027-04-01,BOS,BUF,FUT
2026021269,20262027,2,2027-04-01,CGY,STL,FUT
2026021270,20262027,2,2027-04-01,CHI,NSH,FUT
2026021271,20262027,2,2027-04-01,ANA,UTA,FUT
2026021272,20262027,2,2027-04-02,CAR,DET,FUT
2026021273,20262027,2,2027-04-02,OTT,NYI,FUT
2026021274,20262027,2,2027-04-02,DAL,MIN,FUT
2026021275,20262027,2,2027-04-02,LAK,COL,FUT
2026021276,20262027,2,2027-04-02,EDM,VGK,FUT
2026021277,20262027,2,2027-04-03,FLA,NYR,FUT
2026021278,20262027,2,2027-04-03,TBL,BOS,FUT
2026021279,20262027,2,2027-04-03,CGY,NSH,FUT
2026021280,20262027,2,2027-04-03,CBJ,WSH,FUT
2026021281,20262027,2,2027-04-03,NJD,CAR,FUT
2026021282,20262027,2,2027-04-03,CHI,DAL,FUT
2026021283,20262027,2,2027-04-03,BUF,TOR,FUT
2026021284,20262027,2,2027-04-03,WPG,SEA,FUT
2026021285,20262027,2,2027-04-03,PHI,PIT,FUT
2026021286,20262027,2,2027-04-03,VGK,UTA,FUT
2026021287,20262027,2,2027-04-03,SJS,VAN,FUT
2026021288,20262027,2,2027-04-03,EDM,ANA,FUT
2026021289,20262027,2,2027-04-03,STL,LAK,FUT
2026021290,20262027,2,2027-04-04,COL,MIN,FUT
2026021291,20262027,2,2027-04-04,FLA,NJD,FUT
2026021292,20262027,2,2027-04-04,DET,OTT,FUT
2026021293,20262027,2,2027-04-04,PIT,WSH,FUT
2026021294,20262027,2,2027-04-04,MTL,NYI,FUT
2026021295,20262027,2,2027-04-04,STL,SJS,FUT
2026021296,20262027,2,2027-04-05,PHI,CAR,FUT
2026021297,20262027,2,2027-04-05,TBL,BUF,FUT
2026021298,20262027,2,2027-04-05,BOS,TOR,FUT
2026021299,20262027,2,2027-04-05,SEA,DAL,FUT
2026021300,20262027,2,2027-04-05,WPG,UTA,FUT
2026021301,20262027,2,2027-04-05,CGY,EDM,FUT
2026021302,20262027,2,2027-04-06,MTL,FLA,FUT
2026021303,20262027,2,2027-04-06,TBL,NJD,FUT
2026021304,20262027,2,2027-04-06,WSH,CBJ,FUT
2026021305,20262027,2,2027-04-06,DET,NYI,FUT
2026021306,20262027,2,2027-04-06,PIT,NYR,FUT
2026021307,20262027,2,2027-04-06,SEA,NSH,FUT
2026021308,20262027,2,2027-04-06,CHI,MIN,FUT
2026021309,20262027,2,2027-04-06,COL,VAN,FUT
2026021310,20262027,2,2027-04-06,STL,VGK,FUT
2026021311,20262027,2,2027-04-06,LAK,ANA,FUT
2026021312,20262027,2,2027-04-07,BOS,BUF,FUT
2026021313,20262027,2,2027-04-07,OTT,CAR,FUT
2026021314,20262027,2,2027-04-07,EDM,WPG,FUT
2026021315,20262027,2,2027-04-07,DAL,UTA,FUT
2026021316,20262027,2,2027-04-08,WSH,OTT,FUT
2026021317,20262027,2,2027-04-08,MTL,TBL,FUT
2026021318,20262027,2,2027-04-08,NYI,NJD,FUT
2026021319,20262027,2,2027-04-08,PHI,CBJ,FUT
2026021320,20262027,2,2027-04-08,NSH,CHI,FUT
2026021321,20262027,2,2027-04-08,SEA,STL,FUT
2026021322,20262027,2,2027-04-08,COL,CGY,FUT
2026021323,20262027,2,2027-04-08,MIN,SJS,FUT
2026021324,20262027,2,2027-04-08,VGK,LAK,FUT
2026021325,20262027,2,2027-04-09,PIT,DET,FUT
2026021326,20262027,2,2027-04-09,BOS,FLA,FUT
2026021327,20262027,2,2027-04-09,VAN,WPG,FUT
2026021328,20262027,2,2027-04-09,UTA,DAL,FUT
2026021329,20262027,2,2027-04-10,WSH,PHI,FUT
2026021330,20262027,2,2027-04-10,MIN,COL,FUT
2026021331,20262027,2,2027-04-10,ANA,SJS,FUT
2026021332,20262027,2,2027-04-10,CBJ,NYI,FUT
2026021333,20262027,2,2027-04-10,DET,BUF,FUT
2026021334,20262027,2,2027-04-10,CAR,FLA,FUT
2026021335,20262027,2,2027-04-10,PIT,NJD,FUT
2026021336,20262027,2,2027-04-10,SEA,CHI,FUT
2026021337,20262027,2,2027-04-10,DAL,NSH,FUT
2026021338,20262027,2,2027-04-10,MTL,OTT,FUT
2026021339,20262027,2,2027-04-10,TOR,NYR,FUT
2026021340,20262027,2,2027-04-10,UTA,STL,FUT
2026021341,20262027,2,2027-04-10,BOS,TBL,FUT
2026021342,20262027,2,2027-04-10,VAN,CGY,FUT
2026021343,20262027,2,2027-04-10,WPG,EDM,FUT
2026021344,20262027,2,2027-04-10,LAK,VGK,FUT
